0,q
1,8
2,m
3,5
4,m
5,e
6,n
7,p
8,h
9,y
10,2
11,r
12,w
13,p
14,6
15,h
16,y
17,6
18,y
19,7
20,p
21,6
22,i
23,7
24,8
25,f
26,5
27,d
28,1
29,v
30,y
31,6
32,2
33,0
34,m
35,o
36,t
37,m
38,p
39,v
40,i
41,4
42,w
43,e
44,x
45,v
46,l
47,e
48,7
49,p
50,a
51,f
52,k
53,t
54,w
55,r
56,r
57,e
58,o
59,c
60,a
61,e
62,h
63,4
64,y
65,a
66,l
67,k
68,e
69,l
70,s
71,8
72,n
73,c
74,q
75,i
76,w
77,8
78,7
79,z
80,e
81,3
82,0
83,k
84,i
85,r
86,g
87,q
88,m
89,k
90,0
91,f
92,l
93,h
94,c
95,4
96,y
97,9
98,h
99,6
100,5
101,3
102,7
103,h
104,h
105,6
106,8
107,m
108,u
109,u
110,i
111,k
112,0
113,8
114,2
115,g
116,z
117,6
118,b
119,1
120,p
121,5
122,c
123,8
124,u
125,s
126,5
127,d
128,o
129,u
130,a
131,5
132,n
133,6
134,r
135,s
136,j
137,3
138,i
139,y
140,l
141,a
142,r
143,y
144,u
145,7
146,w
147,n
148,k
149,s
150,w
151,u
152,4
153,5
154,e
155,6
156,j
157,j
158,w
159,9
160,4
161,n
162,p
163,c
164,f
165,z
166,j
167,1
168,y
169,c
170,r
171,y
172,b
173,j
174,j
175,s
176,k
177,z
178,n
179,q
180,2
181,e
182,h
183,5
184,g
185,4
186,t
187,g
188,e
189,v
190,p
191,h
192,d
193,m
194,m
195,1
196,t
197,w
198,0
199,6
200,l
201,t
202,4
203,n
204,8
205,e
206,p
207,s
208,4
209,c
210,9
211,n
212,p
213,h
214,q
215,1
216,4
217,o
218,j
219,7
220,4
221,h
222,s
223,w
224,s
225,z
226,r
227,m
228,n
229,v
230,0
231,v
232,h
233,k
234,y
235,y
236,f
237,o
238,c
239,a
240,6
241,d
242,i
243,z
244,q
245,x
246,o
247,c
248,v
249,y
250,p
251,i
252,r
253,z
254,n
255,6
256,d
257,5
258,r
259,v
260,l
261,3
262,4
263,r
264,q
265,w
266,7
267,f
268,h
269,q
270,o
271,y
272,4
273,j
274,t
275,3
276,1
277,z
278,d
279,i
280,x
281,2
282,l
283,v
284,v
285,4
286,n
287,d
288,8
289,l
290,w
291,k
292,2
293,b
294,0
295,f
296,w
297,g
298,d
299,l
300,j
301,q
302,j
303,c
304,8
305,k
306,1
307,d
308,2
309,i
310,e
311,t
312,1
313,2
314,v
315,4
316,o
317,s
318,k
319,b
320,x
321,b
322,d
323,n
324,7
325,o
326,1
327,z
328,b
329,f
330,w
331,z
332,t
333,i
334,l
335,d
336,2
337,s
338,y
339,v
340,1
341,g
342,n
343,j
344,7
345,o
346,1
347,d
348,v
349,6
350,6
351,e
352,x
353,y
354,k
355,6
356,s
357,b
358,n
359,r
360,i
361,3
362,7
363,o
364,4
365,2
366,r
367,v
368,y
369,u
370,4
371,s
372,d
373,5
374,v
375,x
376,i
377,a
378,a
379,e
380,g
381,7
382,0
383,9
384,o
385,6
386,5
387,m
388,2
389,3
390,v
391,f
392,g
393,x
394,c
395,o
396,u
397,c
398,n
399,r
400,s
401,1
402,y
403,r
404,m
405,1
406,y
407,c
408,7
409,b
410,4
411,j
412,i
413,x
414,j
415,6
416,n
417,e
418,6
419,9
420,v
421,v
422,i
423,2
424,y
425,5
426,5
427,8
428,q
429,t
430,5
431,w
432,w
433,i
434,y
435,w
436,4
437,y
438,j
439,9
440,z
441,p
442,q
443,s
444,i
445,m
446,8
447,j
448,z
449,m
450,f
451,a
452,6
453,6
454,o
455,8
456,w
457,u
458,p
459,2
460,v
461,h
462,p
463,2
464,9
465,z
466,l
467,i
468,6
469,7
470,7
471,0
472,v
473,u
474,p
475,d
476,0
477,y
478,p
479,3
480,2
481,n
482,f
483,i
484,f
485,4
486,1
487,2
488,3
489,q
490,a
491,d
492,c
493,6
494,i
495,r
496,s
497,m
498,x
499,q
500,v
501,s
502,0
503,x
504,z
505,6
506,b
507,v
508,n
509,o
510,e
511,n
512,0
513,j
514,x
515,y
516,p
517,m
518,2
519,m
520,o
521,h
522,x
523,r
524,i
525,s
526,j
527,l
528,c
529,1
530,b
531,l
532,0
533,s
534,k
535,l
536,v
537,3
538,m
539,i
540,u
541,8
542,f
543,j
544,i
545,g
546,m
547,9
548,o
549,2
550,j
551,q
552,v
553,i
554,k
555,v
556,0
557,c
558,p
559,v
560,1
561,u
562,i
563,m
564,s
565,y
566,5
567,w
568,2
569,r
570,8
571,y
572,r
573,3
574,1
575,b
576,d
577,k
578,0
579,n
580,i
581,7
582,t
583,0
584,a
585,7
586,c
587,u
588,1
589,d
590,q
591,j
592,d
593,u
594,6
595,i
596,7
597,b
598,v
599,j
600,j
601,v
602,0
603,0
604,g
605,a
606,j
607,0
608,9
609,u
610,w
611,d
612,n
613,3
614,9
615,w
616,6
617,y
618,7
619,m
620,k
621,y
622,h
623,y
624,d
625,4
626,n
627,6
628,d
629,h
630,b
631,k
632,v
633,r
634,k
635,z
636,u
637,8
638,9
639,g
640,s
641,t
642,6
643,2
644,e
645,o
646,l
647,m
648,n
649,6
650,y
651,c
652,h
653,w
654,5
655,p
656,s
657,i
658,3
659,x
660,0
661,x
662,f
663,7
664,u
665,9
666,v
667,b
668,p
669,h
670,f
671,r
672,j
673,d
674,i
675,9
676,5
677,j
678,f
679,3
680,x
681,m
682,d
683,k
684,k
685,k
686,9
687,v
688,k
689,h
690,b
691,i
692,o
693,g
694,h
695,z
696,m
697,u
698,h
699,j
700,6
701,4
702,s
703,e
704,8
705,e
706,s
707,p
708,9
709,0
710,7
711,6
712,r
713,j
714,o
715,0
716,d
717,9
718,f
719,s
720,u
721,u
722,v
723,6
724,d
725,l
726,a
727,q
728,d
729,j
730,i
731,h
732,0
733,b
734,4
735,n
736,f
737,0
738,x
739,z
740,s
741,5
742,0
743,b
744,j
745,w
746,5
747,r
748,k
749,z
750,z
751,q
752,k
753,2
754,m
755,s
756,c
757,j
758,y
759,8
760,4
761,l
762,k
763,3
764,8
765,7
766,m
767,g
768,r
769,x
770,m
771,g
772,z
773,a
774,u
775,s
776,d
777,2
778,k
779,4
780,6
781,1
782,8
783,2
784,5
785,1
786,h
787,z
788,q
789,w
790,b
791,a
792,a
793,k
794,z
795,0
796,r
797,s
798,3
799,2
800,g
801,2
802,q
803,e
804,3
805,3
806,q
807,s
808,f
809,u
810,s
811,0
812,l
813,9
814,b
815,c
816,s
817,3
818,7
819,y
820,j
821,b
822,o
823,2
824,0
825,c
826,y
827,c
828,3
829,0
830,g
831,r
832,t
833,w
834,y
835,j
836,o
837,p
838,o
839,v
840,m
841,d
842,6
843,s
844,9
845,s
846,n
847,k
848,o
849,7
850,k
851,b
852,7
853,u
854,i
855,v
856,m
857,x
858,w
859,m
860,m
861,c
862,9
863,b
864,n
865,g
866,5
867,4
868,0
869,n
870,b
871,8
872,1
873,j
874,5
875,j
876,p
877,i
878,8
879,s
880,e
881,x
882,v
883,h
884,2
885,d
886,y
887,v
888,j
889,i
890,5
891,8
892,1
893,1
894,x
895,g
896,i
897,b
898,h
899,4
900,c
901,h
902,f
903,y
904,7
905,c
906,o
907,4
908,j
909,j
910,z
911,f
912,o
913,0
914,r
915,d
916,o
917,k
918,0
919,6
920,y
921,o
922,3
923,u
924,g
925,l
926,j
927,w
928,8
929,n
930,o
931,j
932,n
933,l
934,h
935,g
936,s
937,a
938,6
939,9
940,7
941,n
942,e
943,i
944,d
945,0
946,b
947,e
948,5
949,5
950,x
951,b
952,b
953,7
954,s
955,n
956,4
957,8
958,c
959,p
960,8
961,d
962,m
963,7
964,1
965,6
966,0
967,i
968,b
969,v
970,c
971,g
972,j
973,q
974,6
975,s
976,i
977,e
978,k
979,t
980,b
981,z
982,4
983,7
984,1
985,h
986,n
987,8
988,7
989,m
990,s
991,p
992,n
993,1
994,q
995,9
996,l
997,y
998,m
999,4
1000,2
1001,g
1002,e
1003,i
1004,3
1005,m
1006,q
1007,s
1008,l
1009,x
1010,k
1011,r
1012,v
1013,w
1014,w
1015,t
1016,m
1017,j
1018,3
1019,x
1020,v
1021,y
1022,j
1023,c
1024,d
1025,3
1026,d
1027,y
1028,d
1029,d
1030,x
1031,n
1032,8
1033,4
1034,i
1035,r
1036,3
1037,2
1038,3
1039,e
1040,z
1041,l
1042,f
1043,x
1044,s
1045,g
1046,z
1047,e
1048,1
1049,r
1050,f
1051,h
1052,1
1053,6
1054,o
1055,a
1056,f
1057,i
1058,p
1059,z
1060,e
1061,1
1062,1
1063,4
1064,5
1065,0
1066,7
1067,d
1068,x
1069,8
1070,8
1071,0
1072,0
1073,g
1074,k
1075,r
1076,u
1077,d
1078,h
1079,n
1080,d
1081,u
1082,i
1083,v
1084,s
1085,m
1086,6
1087,r
1088,f
1089,v
1090,i
1091,2
1092,n
1093,r
1094,u
1095,5
1096,m
1097,i
1098,5
1099,a
1100,6
1101,g
1102,i
1103,v
1104,m
1105,1
1106,i
1107,n
1108,e
1109,i
1110,n
1111,s
1112,8
1113,3
1114,p
1115,t
1116,b
1117,o
1118,t
1119,b
1120,9
1121,j
1122,f
1123,b
1124,r
1125,6
1126,f
1127,j
1128,7
1129,u
1130,2
1131,a
1132,b
1133,r
1134,i
1135,4
1136,f
1137,x
1138,o
1139,r
1140,d
1141,o
1142,r
1143,e
1144,w
1145,8
1146,v
1147,r
1148,4
1149,u
1150,e
1151,z
1152,h
1153,j
1154,4
1155,e
1156,y
1157,o
1158,o
1159,e
1160,n
1161,2
1162,5
1163,r
1164,e
1165,7
1166,r
1167,m
1168,x
1169,j
1170,z
1171,g
1172,z
1173,8
1174,u
1175,t
1176,5
1177,f
1178,p
1179,l
1180,1
1181,4
1182,b
1183,x
1184,k
1185,6
1186,3
1187,d
1188,k
1189,b
1190,t
1191,k
1192,8
1193,y
1194,8
1195,w
1196,d
1197,t
1198,5
1199,j
1200,y
1201,3
1202,s
1203,5
1204,i
1205,3
1206,u
1207,1
1208,q
1209,u
1210,o
1211,7
1212,h
1213,v
1214,5
1215,y
1216,9
1217,8
1218,l
1219,b
1220,d
1221,6
1222,a
1223,z
1224,k
1225,v
1226,i
1227,d
1228,k
1229,2
1230,u
1231,0
1232,n
1233,w
1234,x
1235,n
1236,z
1237,2
1238,0
1239,6
1240,o
1241,t
1242,m
1243,6
1244,y
1245,m
1246,f
1247,6
1248,l
1249,k
1250,m
1251,8
1252,n
1253,4
1254,f
1255,a
1256,r
1257,t
1258,g
1259,7
1260,k
1261,q
1262,5
1263,f
1264,q
1265,1
1266,9
1267,g
1268,8
1269,2
1270,3
1271,2
1272,u
1273,1
1274,z
1275,d
1276,x
1277,x
1278,u
1279,6
1280,8
1281,u
1282,z
1283,0
1284,h
1285,4
1286,k
1287,i
1288,2
1289,c
1290,4
1291,r
1292,s
1293,3
1294,v
1295,8
1296,8
1297,m
1298,7
1299,q
1300,f
1301,d
1302,4
1303,k
1304,s
1305,i
1306,9
1307,6
1308,v
1309,h
1310,a
1311,y
1312,j
1313,7
1314,w
1315,h
1316,c
1317,q
1318,p
1319,1
1320,u
1321,m
1322,7
1323,s
1324,l
1325,2
1326,e
1327,8
1328,0
1329,2
1330,q
1331,0
1332,n
1333,p
1334,8
1335,l
1336,a
1337,7
1338,r
1339,y
1340,6
1341,m
1342,h
1343,h
1344,u
1345,r
1346,8
1347,g
1348,x
1349,t
1350,t
1351,5
1352,x
1353,8
1354,z
1355,u
1356,j
1357,b
1358,0
1359,2
1360,j
1361,q
1362,d
1363,v
1364,n
1365,r
1366,c
1367,4
1368,u
1369,r
1370,p
1371,c
1372,6
1373,k
1374,3
1375,w
1376,x
1377,v
1378,m
1379,b
1380,n
1381,i
1382,q
1383,j
1384,1
1385,m
1386,t
1387,g
1388,a
1389,l
1390,t
1391,f
1392,b
1393,w
1394,n
1395,o
1396,c
1397,k
1398,4
1399,x
1400,m
1401,q
1402,6
1403,j
1404,w
1405,e
1406,p
1407,h
1408,m
1409,d
1410,6
1411,g
1412,w
1413,r
1414,3
1415,g
1416,4
1417,y
1418,x
1419,y
1420,g
1421,0
1422,m
1423,b
1424,g
1425,n
1426,2
1427,s
1428,q
1429,u
1430,h
1431,m
1432,8
1433,e
1434,2
1435,m
1436,z
1437,e
1438,b
1439,c
1440,i
1441,g
1442,z
1443,y
1444,n
1445,f
1446,2
1447,v
1448,8
1449,g
1450,5
1451,9
1452,f
1453,f
1454,l
1455,u
1456,2
1457,r
1458,4
1459,n
1460,g
1461,f
1462,r
1463,d
1464,5
1465,x
1466,l
1467,6
1468,y
1469,5
1470,2
1471,c
1472,g
1473,s
1474,z
1475,5
1476,e
1477,3
1478,h
1479,g
1480,c
1481,m
1482,t
1483,6
1484,p
1485,z
1486,6
1487,y
1488,y
1489,s
1490,c
1491,b
1492,q
1493,f
1494,l
1495,w
1496,r
1497,k
1498,f
1499,f
1500,s
1501,r
1502,y
1503,4
1504,s
1505,v
1506,h
1507,7
1508,t
1509,j
1510,f
1511,7
1512,y
1513,m
1514,x
1515,f
1516,e
1517,0
1518,5
1519,r
1520,e
1521,0
1522,f
1523,w
1524,m
1525,q
1526,e
1527,7
1528,p
1529,h
1530,v
1531,q
1532,s
1533,t
1534,q
1535,r
1536,0
1537,y
1538,6
1539,4
1540,5
1541,i
1542,c
1543,g
1544,u
1545,7
1546,8
1547,l
1548,y
1549,6
1550,h
1551,q
1552,c
1553,3
1554,k
1555,m
1556,7
1557,2
1558,r
1559,u
1560,u
1561,c
1562,b
1563,4
1564,5
1565,b
1566,w
1567,y
1568,s
1569,2
1570,x
1571,1
1572,s
1573,2
1574,h
1575,s
1576,f
1577,p
1578,k
1579,8
1580,7
1581,l
1582,w
1583,q
1584,6
1585,x
1586,j
1587,k
1588,g
1589,s
1590,6
1591,u
1592,1
1593,7
1594,r
1595,m
1596,k
1597,b
1598,u
1599,o
1600,n
1601,p
1602,l
1603,p
1604,i
1605,p
1606,d
1607,m
1608,5
1609,3
1610,o
1611,q
1612,f
1613,m
1614,p
1615,o
1616,v
1617,v
1618,s
1619,s
1620,3
1621,1
1622,f
1623,7
1624,6
1625,p
1626,p
1627,n
1628,1
1629,1
1630,e
1631,t
1632,3
1633,v
1634,4
1635,q
1636,1
1637,t
1638,t
1639,3
1640,3
1641,d
1642,s
1643,e
1644,1
1645,f
1646,m
1647,b
1648,m
1649,8
1650,g
1651,n
1652,s
1653,g
1654,8
1655,p
1656,1
1657,2
1658,f
1659,c
1660,j
1661,j
1662,3
1663,n
1664,5
1665,l
1666,u
1667,5
1668,t
1669,g
1670,5
1671,b
1672,d
1673,a
1674,h
1675,k
1676,t
1677,3
1678,t
1679,c
1680,7
1681,v
1682,j
1683,w
1684,j
1685,i
1686,7
1687,5
1688,i
1689,s
1690,9
1691,m
1692,l
1693,0
1694,q
1695,4
1696,e
1697,m
1698,3
1699,3
1700,s
1701,g
1702,w
1703,n
1704,7
1705,s
1706,d
1707,6
1708,w
1709,7
1710,q
1711,u
1712,p
1713,4
1714,6
1715,m
1716,q
1717,d
1718,m
1719,m
1720,p
1721,c
1722,g
1723,t
1724,7
1725,g
1726,l
1727,8
1728,l
1729,b
1730,a
1731,p
1732,7
1733,p
1734,s
1735,h
1736,x
1737,f
1738,5
1739,x
1740,m
1741,b
1742,2
1743,5
1744,k
1745,z
1746,b
1747,i
1748,7
1749,p
1750,4
1751,7
1752,j
1753,2
1754,j
1755,1
1756,c
1757,0
1758,1
1759,s
1760,5
1761,a
1762,j
1763,0
1764,5
1765,6
1766,e
1767,5
1768,5
1769,7
1770,1
1771,g
1772,8
1773,q
1774,w
1775,a
1776,s
1777,h
1778,c
1779,b
1780,o
1781,t
1782,p
1783,k
1784,p
1785,8
1786,m
1787,5
1788,8
1789,1
1790,h
1791,w
1792,k
1793,e
1794,6
1795,l
1796,s
1797,z
1798,y
1799,a
1800,v
1801,l
1802,2
1803,4
1804,i
1805,l
1806,t
1807,g
1808,s
1809,y
1810,9
1811,u
1812,9
1813,h
1814,e
1815,e
1816,0
1817,v
1818,j
1819,r
1820,j
1821,2
1822,f
1823,3
1824,f
1825,v
1826,w
1827,7
1828,k
1829,9
1830,e
1831,e
1832,z
1833,5
1834,h
1835,n
1836,s
1837,i
1838,1
1839,k
1840,8
1841,i
1842,u
1843,2
1844,w
1845,h
1846,g
1847,3
1848,0
1849,x
1850,l
1851,i
1852,j
1853,d
1854,2
1855,5
1856,q
1857,7
1858,t
1859,j
1860,v
1861,n
1862,o
1863,w
1864,u
1865,2
1866,f
1867,f
1868,p
1869,s
1870,m
1871,c
1872,w
1873,w
1874,v
1875,b
1876,u
1877,5
1878,r
1879,8
1880,n
1881,9
1882,y
1883,5
1884,v
1885,k
1886,5
1887,k
1888,8
1889,n
1890,g
1891,s
1892,g
1893,i
1894,m
1895,e
1896,d
1897,6
1898,s
1899,s
1900,k
1901,n
1902,w
1903,4
1904,v
1905,8
1906,5
1907,f
1908,2
1909,4
1910,c
1911,b
1912,y
1913,7
1914,p
1915,i
1916,y
1917,7
1918,3
1919,t
1920,u
1921,x
1922,8
1923,i
1924,8
1925,w
1926,d
1927,d
1928,2
1929,2
1930,f
1931,x
1932,7
1933,b
1934,x
1935,a
1936,r
1937,h
1938,r
1939,i
1940,k
1941,z
1942,l
1943,k
1944,c
1945,r
1946,s
1947,s
1948,h
1949,p
1950,3
1951,2
1952,r
1953,2
1954,7
1955,5
1956,8
1957,m
1958,7
1959,u
1960,v
1961,0
1962,w
1963,f
1964,1
1965,3
1966,4
1967,s
1968,4
1969,0
1970,6
1971,z
1972,g
1973,6
1974,u
1975,i
1976,s
1977,s
1978,0
1979,o
1980,z
1981,p
1982,s
1983,o
1984,i
1985,w
1986,r
1987,q
1988,d
1989,d
1990,7
1991,c
1992,i
1993,m
1994,x
1995,x
1996,f
1997,h
1998,f
1999,s
2000,t
2001,t
2002,z
2003,9
2004,a
2005,5
2006,y
2007,2
2008,g
2009,c
2010,b
2011,j
2012,v
2013,7
2014,v
2015,u
2016,z
2017,q
2018,6
2019,s
2020,d
2021,q
2022,2
2023,s
2024,b
2025,i
2026,e
2027,i
2028,p
2029,2
2030,4
2031,n
2032,4
2033,z
2034,n
2035,0
2036,k
2037,u
2038,r
2039,r
2040,w
2041,v
2042,7
2043,0
2044,x
2045,8
2046,n
2047,y
2048,i
2049,n
2050,h
2051,q
2052,n
2053,u
2054,2
2055,y
2056,d
2057,9
2058,j
2059,v
2060,c
2061,n
2062,i
2063,1
2064,2
2065,u
2066,6
2067,a
2068,n
2069,6
2070,n
2071,k
2072,m
2073,y
2074,y
2075,p
2076,6
2077,q
2078,w
2079,3
2080,h
2081,z
2082,m
2083,6
2084,s
2085,b
2086,m
2087,3
2088,t
2089,g
2090,w
2091,r
2092,3
2093,p
2094,5
2095,7
2096,f
2097,1
2098,2
2099,d
2100,5
2101,y
2102,4
2103,n
2104,r
2105,k
2106,t
2107,r
2108,y
2109,o
2110,o
2111,4
2112,h
2113,f
2114,o
2115,v
2116,8
2117,u
2118,z
2119,n
2120,x
2121,q
2122,w
2123,r
2124,u
2125,g
2126,l
2127,u
2128,e
2129,g
2130,o
2131,b
2132,t
2133,l
2134,o
2135,x
2136,8
2137,c
2138,m
2139,e
2140,y
2141,6
2142,f
2143,v
2144,5
2145,l
2146,f
2147,d
2148,q
2149,h
2150,9
2151,b
2152,9
2153,d
2154,j
2155,g
2156,n
2157,3
2158,4
2159,v
2160,j
2161,u
2162,l
2163,b
2164,f
2165,e
2166,w
2167,r
2168,g
2169,d
2170,d
2171,k
2172,1
2173,y
2174,z
2175,h
2176,n
2177,h
2178,b
2179,6
2180,z
2181,5
2182,1
2183,g
2184,t
2185,8
2186,l
2187,n
2188,l
2189,k
2190,t
2191,w
2192,o
2193,g
2194,p
2195,o
2196,8
2197,0
2198,e
2199,o
2200,m
2201,e
2202,z
2203,q
2204,7
2205,h
2206,s
2207,o
2208,u
2209,7
2210,j
2211,l
2212,4
2213,w
2214,8
2215,r
2216,q
2217,5
2218,5
2219,0
2220,b
2221,v
2222,b
2223,s
2224,o
2225,c
2226,5
2227,5
2228,7
2229,t
2230,6
2231,x
2232,8
2233,h
2234,d
2235,l
2236,2
2237,j
2238,l
2239,4
2240,8
2241,4
2242,7
2243,m
2244,k
2245,t
2246,0
2247,z
2248,c
2249,p
2250,q
2251,5
2252,h
2253,e
2254,x
2255,h
2256,d
2257,u
2258,u
2259,f
2260,2
2261,k
2262,i
2263,g
2264,l
2265,f
2266,y
2267,p
2268,n
2269,4
2270,j
2271,p
2272,u
2273,z
2274,o
2275,8
2276,z
2277,q
2278,g
2279,e
2280,o
2281,k
2282,r
2283,7
2284,q
2285,5
2286,o
2287,w
2288,q
2289,c
2290,i
2291,5
2292,e
2293,e
2294,q
2295,r
2296,c
2297,6
2298,7
2299,7
2300,b
2301,a
2302,r
2303,f
2304,v
2305,f
2306,i
2307,e
2308,q
2309,c
2310,m
2311,n
2312,6
2313,e
2314,3
2315,9
2316,s
2317,l
2318,8
2319,q
2320,s
2321,g
2322,5
2323,r
2324,c
2325,i
2326,n
2327,n
2328,7
2329,8
2330,g
2331,h
2332,e
2333,u
2334,2
2335,d
2336,y
2337,p
2338,8
2339,d
2340,3
2341,e
2342,r
2343,p
2344,7
2345,f
2346,z
2347,c
2348,x
2349,6
2350,0
2351,n
2352,l
2353,f
2354,e
2355,e
2356,f
2357,4
2358,n
2359,k
2360,w
2361,i
2362,3
2363,s
2364,y
2365,d
2366,g
2367,u
2368,r
2369,t
2370,d
2371,w
2372,2
2373,v
2374,9
2375,a
2376,1
2377,i
2378,5
2379,v
2380,r
2381,u
2382,8
2383,x
2384,2
2385,d
2386,c
2387,t
2388,n
2389,8
2390,c
2391,a
2392,p
2393,s
2394,a
2395,6
2396,1
2397,t
2398,w
2399,8
2400,p
2401,c
2402,t
2403,i
2404,e
2405,m
2406,9
2407,7
2408,f
2409,o
2410,6
2411,z
2412,6
2413,2
2414,q
2415,k
2416,l
2417,y
2418,j
2419,a
2420,q
2421,o
2422,z
2423,l
2424,6
2425,f
2426,t
2427,b
2428,u
2429,4
2430,0
2431,y
2432,7
2433,a
2434,e
2435,6
2436,1
2437,t
2438,5
2439,6
2440,l
2441,o
2442,f
2443,e
2444,x
2445,g
2446,p
2447,m
2448,t
2449,u
2450,7
2451,t
2452,c
2453,k
2454,6
2455,k
2456,p
2457,f
2458,6
2459,p
2460,h
2461,r
2462,i
2463,q
2464,z
2465,e
2466,a
2467,1
2468,i
2469,x
2470,j
2471,q
2472,o
2473,p
2474,j
2475,4
2476,b
2477,u
2478,g
2479,h
2480,r
2481,w
2482,1
2483,p
2484,5
2485,d
2486,v
2487,5
2488,a
2489,g
2490,f
2491,4
2492,p
2493,z
2494,2
2495,m
2496,1
2497,e
2498,r
2499,c
2500,s
2501,5
2502,n
2503,j
2504,p
2505,g
2506,0
2507,t
2508,i
2509,k
2510,4
2511,j
2512,e
2513,f
2514,t
2515,v
2516,v
2517,r
2518,h
2519,7
2520,l
2521,1
2522,9
2523,8
2524,0
2525,3
2526,x
2527,1
2528,e
2529,d
2530,7
2531,5
2532,h
2533,2
2534,e
2535,l
2536,f
2537,z
2538,x
2539,m
2540,g
2541,4
2542,7
2543,h
2544,k
2545,z
2546,v
2547,m
2548,y
2549,q
2550,e
2551,3
2552,x
2553,3
2554,7
2555,l
2556,r
2557,6
2558,i
2559,b
2560,5
2561,6
2562,j
2563,7
2564,q
2565,p
2566,m
2567,j
2568,5
2569,f
2570,d
2571,m
2572,m
2573,8
2574,5
2575,p
2576,k
2577,d
2578,c
2579,2
2580,0
2581,n
2582,w
2583,x
2584,r
2585,w
2586,w
2587,e
2588,t
2589,j
2590,4
2591,7
2592,t
2593,y
2594,l
2595,m
2596,c
2597,f
2598,v
2599,s
2600,g
2601,2
2602,m
2603,3
2604,h
2605,w
2606,u
2607,m
2608,n
2609,p
2610,h
2611,u
2612,1
2613,2
2614,3
2615,l
2616,f
2617,k
2618,d
2619,0
2620,z
2621,u
2622,r
2623,r
2624,6
2625,w
2626,p
2627,x
2628,u
2629,j
2630,a
2631,v
2632,e
2633,s
2634,o
2635,l
2636,6
2637,v
2638,m
2639,p
2640,6
2641,y
2642,4
2643,5
2644,h
2645,7
2646,y
2647,3
2648,z
2649,l
2650,1
2651,k
2652,t
2653,e
2654,r
2655,i
2656,o
2657,s
2658,6
2659,0
2660,n
2661,7
2662,t
2663,5
2664,b
2665,j
2666,t
2667,o
2668,2
2669,7
2670,t
2671,z
2672,3
2673,z
2674,1
2675,l
2676,6
2677,l
2678,7
2679,3
2680,s
2681,7
2682,9
2683,u
2684,b
2685,d
2686,m
2687,h
2688,g
2689,0
2690,l
2691,4
2692,v
2693,z
2694,3
2695,p
2696,e
2697,8
2698,f
2699,e
2700,y
2701,1
2702,d
2703,7
2704,2
2705,y
2706,z
2707,7
2708,x
2709,m
2710,c
2711,v
2712,u
2713,s
2714,8
2715,x
2716,h
2717,g
2718,t
2719,a
2720,6
2721,u
2722,9
2723,o
2724,c
2725,o
2726,y
2727,1
2728,u
2729,o
2730,o
2731,w
2732,9
2733,g
2734,j
2735,8
2736,6
2737,5
2738,v
2739,j
2740,8
2741,z
2742,1
2743,s
2744,t
2745,z
2746,f
2747,4
2748,g
2749,5
2750,i
2751,w
2752,p
2753,x
2754,j
2755,7
2756,k
2757,c
2758,g
2759,m
2760,r
2761,7
2762,y
2763,a
2764,0
2765,b
2766,j
2767,s
2768,o
2769,5
2770,9
2771,r
2772,x
2773,q
2774,o
2775,8
2776,n
2777,a
2778,n
2779,3
2780,q
2781,m
2782,7
2783,s
2784,l
2785,i
2786,h
2787,k
2788,q
2789,8
2790,l
2791,z
2792,5
2793,c
2794,p
2795,i
2796,u
2797,l
2798,u
2799,g
2800,h
2801,x
2802,c
2803,x
2804,h
2805,r
2806,5
2807,j
2808,9
2809,0
2810,3
2811,u
2812,l
2813,s
2814,j
2815,x
2816,b
2817,s
2818,g
2819,e
2820,8
2821,m
2822,f
2823,d
2824,r
2825,x
2826,5
2827,u
2828,q
2829,0
2830,p
2831,t
2832,g
2833,b
2834,c
2835,q
2836,u
2837,j
2838,n
2839,k
2840,8
2841,s
2842,d
2843,1
2844,r
2845,e
2846,w
2847,j
2848,v
2849,h
2850,b
2851,y
2852,7
2853,7
2854,r
2855,1
2856,g
2857,d
2858,o
2859,a
2860,1
2861,r
2862,7
2863,v
2864,r
2865,v
2866,n
2867,v
2868,b
2869,q
2870,0
2871,w
2872,m
2873,w
2874,i
2875,l
2876,0
2877,d
2878,g
2879,w
2880,c
2881,s
2882,u
2883,v
2884,y
2885,5
2886,r
2887,5
2888,8
2889,1
2890,g
2891,6
2892,x
2893,m
2894,3
2895,8
2896,0
2897,v
2898,t
2899,e
2900,5
2901,0
2902,4
2903,m
2904,7
2905,1
2906,l
2907,6
2908,i
2909,m
2910,9
2911,1
2912,w
2913,7
2914,5
2915,t
2916,7
2917,u
2918,t
2919,b
2920,3
2921,2
2922,u
2923,1
2924,u
2925,m
2926,b
2927,m
2928,b
2929,e
2930,w
2931,0
2932,p
2933,2
2934,w
2935,p
2936,i
2937,q
2938,z
2939,0
2940,s
2941,8
2942,t
2943,i
2944,0
2945,v
2946,d
2947,c
2948,e
2949,n
2950,v
2951,j
2952,5
2953,2
2954,0
2955,v
2956,u
2957,w
2958,i
2959,u
2960,5
2961,v
2962,y
2963,x
2964,i
2965,3
2966,k
2967,w
2968,k
2969,k
2970,c
2971,2
2972,y
2973,1
2974,i
2975,0
2976,t
2977,j
2978,3
2979,s
2980,g
2981,t
2982,1
2983,f
2984,0
2985,k
2986,k
2987,5
2988,3
2989,i
2990,m
2991,y
2992,w
2993,q
2994,p
2995,q
2996,d
2997,h
2998,i
2999,h
3000,e
3001,r
3002,h
3003,u
3004,n
3005,o
3006,5
3007,z
3008,h
3009,1
3010,j
3011,x
3012,6
3013,j
3014,6
3015,t
3016,c
3017,q
3018,b
3019,b
3020,i
3021,t
3022,e
3023,2
3024,5
3025,0
3026,7
3027,5
3028,p
3029,r
3030,0
3031,c
3032,s
3033,3
3034,x
3035,0
3036,k
3037,j
3038,h
3039,8
3040,b
3041,k
3042,9
3043,n
3044,q
3045,x
3046,y
3047,h
3048,3
3049,w
3050,r
3051,1
3052,x
3053,l
3054,h
3055,4
3056,3
3057,j
3058,0
3059,8
3060,e
3061,d
3062,m
3063,l
3064,2
3065,z
3066,h
3067,y
3068,7
3069,s
3070,c
3071,w
3072,y
3073,4
3074,6
3075,s
3076,r
3077,h
3078,r
3079,e
3080,c
3081,i
3082,b
3083,3
3084,y
3085,w
3086,q
3087,k
3088,v
3089,f
3090,4
3091,d
3092,3
3093,b
3094,q
3095,3
3096,o
3097,m
3098,g
3099,d
3100,3
3101,u
3102,z
3103,5
3104,y
3105,d
3106,l
3107,k
3108,u
3109,v
3110,o
3111,i
3112,p
3113,x
3114,j
3115,c
3116,r
3117,v
3118,7
3119,g
3120,y
3121,u
3122,p
3123,f
3124,o
3125,9
3126,g
3127,h
3128,g
3129,r
3130,6
3131,h
3132,d
3133,4
3134,4
3135,c
3136,l
3137,y
3138,j
3139,l
3140,i
3141,q
3142,p
3143,z
3144,6
3145,c
3146,5
3147,f
3148,h
3149,c
3150,v
3151,4
3152,0
3153,j
3154,e
3155,i
3156,8
3157,y
3158,s
3159,m
3160,h
3161,u
3162,y
3163,2
3164,a
3165,5
3166,q
3167,s
3168,x
3169,h
3170,g
3171,d
3172,8
3173,j
3174,v
3175,y
3176,b
3177,h
3178,8
3179,a
3180,f
3181,p
3182,7
3183,4
3184,x
3185,i
3186,8
3187,t
3188,d
3189,e
3190,u
3191,s
3192,n
3193,k
3194,6
3195,d
3196,7
3197,o
3198,m
3199,w
3200,6
3201,1
3202,q
3203,z
3204,v
3205,t
3206,m
3207,a
3208,1
3209,1
3210,9
3211,4
3212,d
3213,f
3214,0
3215,e
3216,g
3217,5
3218,h
3219,i
3220,l
3221,c
3222,l
3223,b
3224,d
3225,g
3226,w
3227,p
3228,j
3229,s
3230,u
3231,t
3232,n
3233,8
3234,1
3235,w
3236,m
3237,1
3238,x
3239,q
3240,4
3241,z
3242,l
3243,0
3244,q
3245,y
3246,d
3247,z
3248,o
3249,f
3250,e
3251,i
3252,0
3253,m
3254,p
3255,5
3256,m
3257,s
3258,d
3259,u
3260,2
3261,0
3262,0
3263,0
3264,0
3265,4
3266,5
3267,b
3268,8
3269,a
3270,z
3271,o
3272,d
3273,o
3274,l
3275,u
3276,h
3277,r
3278,l
3279,w
3280,c
3281,i
3282,6
3283,l
3284,1
3285,g
3286,b
3287,g
3288,6
3289,p
3290,y
3291,o
3292,k
3293,p
3294,c
3295,1
3296,m
3297,t
3298,6
3299,e
3300,0
3301,g
3302,y
3303,t
3304,3
3305,b
3306,3
3307,3
3308,h
3309,g
3310,9
3311,3
3312,q
3313,m
3314,j
3315,3
3316,s
3317,r
3318,w
3319,r
3320,b
3321,1
3322,h
3323,h
3324,f
3325,r
3326,4
3327,y
3328,k
3329,9
3330,z
3331,1
3332,g
3333,5
3334,6
3335,5
3336,m
3337,g
3338,r
3339,8
3340,7
3341,0
3342,e
3343,h
3344,7
3345,9
3346,0
3347,4
3348,x
3349,1
3350,w
3351,z
3352,x
3353,2
3354,6
3355,y
3356,x
3357,m
3358,v
3359,f
3360,4
3361,c
3362,6
3363,r
3364,j
3365,4
3366,i
3367,f
3368,b
3369,z
3370,x
3371,n
3372,0
3373,r
3374,8
3375,1
3376,1
3377,5
3378,8
3379,d
3380,8
3381,v
3382,i
3383,h
3384,f
3385,l
3386,6
3387,k
3388,v
3389,b
3390,h
3391,x
3392,m
3393,0
3394,1
3395,3
3396,x
3397,0
3398,i
3399,o
3400,o
3401,m
3402,w
3403,l
3404,6
3405,n
3406,x
3407,b
3408,7
3409,p
3410,k
3411,0
3412,1
3413,c
3414,s
3415,k
3416,e
3417,8
3418,s
3419,l
3420,n
3421,9
3422,t
3423,s
3424,w
