1,iilwwig
2,csn2ejc
3,gnx
4,s5ngyf
5,xoanxmzm
6,2ht349
7,j6ic3d
8,226
9,fhx
10,n9p
11,kt8g3zhk
12,stkztr
13,4v33tq
14,q8m5m
15,htdxk8q
16,vxmdhy7t
17,1t1
18,11r38f
19,ohv8
20,enphy
21,1v4
22,2rwp6
23,w7pz
24,sck
25,mmy1
26,e1nhn8
27,qm6m
28,hei
29,v8ign9p2
30,hy6y7
31,s1pw
32,nt2
33,oxb
34,44qtwenh
35,2k7v
36,4vua64v
37,s300gk
38,ywoyd4
39,433m7k2f
40,p6i78
41,f5d1v
42,nu4g351
43,9i1f7f3
44,82jyzi
45,813
46,2rtubvq
47,si2x03
48,y620m
49,9g4a4o
50,2b2
51,dvml4m
52,zg7t2sg
53,wrqgpgko
54,jor8lwv
55,9aeftl3
56,ulqt
57,gw1r
58,h2tmn8hx
59,2be8e1
60,3j6v
61,wllau53t
62,otmpv
63,mj8xhphl
64,i4wex
65,0uke
66,ilw542
67,irx8v9
68,20h
69,waq
70,o4b77vh
71,rv0
72,vle7p
73,5k6be82c
74,afktw
75,fgwxg1a
76,5l2
77,chj4
78,df5
79,0o3o
80,lgng
81,3cuo
82,fzwmrh
83,zvprki
84,rreoc
85,5lf
86,o91
87,rfb4bfn
88,hom6
89,ivoh4zf
90,dae
91,iogdjl
92,yc0m3s1
93,pf2y7c
94,trl
95,dd2z
96,fxxf
97,6ln
98,b5j0bv
99,d51yvfy
100,pvui
101,aeh4y
102,alkel
103,ijuc
104,afyk32
105,pxbdqcm5
106,ohk6
107,0gr
108,n4qi80
109,h3y
110,o4wtvb
111,s8ncq
112,av2b
113,anj
114,34iyvzn
115,1jyqwc
116,dc83
117,ln3wwq
118,ze7rgisi
119,iw87z
120,mrr
121,bhzy
122,sm7
123,xnmje3
124,t8qk9db
125,e30ki
126,18fcs7i
127,rgqmk
128,k1vg
129,kboufu
130,0flhc
131,og3
132,qr46j6x
133,1tvi
134,m254wnk
135,cflskr
136,bmtjmo
137,4y9h6
138,lq18jpkj
139,nhu31h
140,537hh
141,klfk6va
142,pxfiwu
143,t5fi
144,gkdnjp
145,68muu
146,ik082
147,gz6b1
148,im3u
149,502
150,o0v4h2m6
151,p5c8u
152,snn9q5
153,put1
154,s5dou
155,bus
156,uqg0
157,ham1fq
158,v12b
159,a5n6r
160,1ofp7mh
161,p7y8ijyy
162,izl1ey0
163,ipo7t2
164,sww75qf0
165,vjk4yg
166,sj3iy
167,5mh3m6f
168,laryu
169,hq4klt
170,zb85
171,2inkpbn
172,vcm050yy
173,n56
174,xy4
175,jy26
176,7wnks
177,wu45e
178,pkzg
179,vd4dg2b
180,f04s
181,y6n
182,k011am
183,6jjw9
184,1nhw088l
185,gwha
186,ymj0
187,3inw
188,r5vqg30d
189,reu
190,71w4
191,4npcf
192,zj1yc
193,57bi251w
194,oc4
195,kb4ukr3
196,bzu
197,qpjzrf
198,gbmcxg
199,pqb3
200,ublk76
201,hzd9nm
202,ubq0
203,p13
204,q96t
205,bdw8
206,sw0eh9c
207,8cyj
208,hocxnbr6
209,nwpl
210,fq376p
211,agt
212,zyir
213,ovmcspvh
214,znhz40p
215,rybjj
216,mo0z0qj
217,w8kjrb
218,qnx7sys
219,872pxg1
220,onshqbvg
221,dik
222,skznq
223,2eh5g
224,35d7
225,o82
226,3796m6
227,w7d0uz
228,ikcr64z
229,mzgz6n
230,4tgev
231,0tmofd
232,8f2zshb
233,0lblfc
234,mdpygah
235,b8q
236,wceekq6o
237,n8z
238,n5gzcs05
239,xhtduo3i
240,byeoy3mr
241,lt3
242,ptkizsvj
243,p2hfyh2
244,lnpy
245,bx9u
246,qiyx
247,phdmm
248,l1asx6xt
249,5gms4kt
250,1tw06
251,2s7
252,owgvrhs
253,cc8x
254,zozrkt
255,zeusggpj
256,rvfj2di
257,7kq
258,n3p4f6
259,lt4n8
260,u3o
261,p9sbrs1
262,7g4
263,l0j9
264,zyu
265,rmg2
266,52f68b6u
267,sfdagmkw
268,eps4c
269,w81ellcl
270,d6xubd2
271,9nphq
272,14oj7
273,87r
274,dhii
275,jow1
276,82t
277,ch6
278,p50p
279,cj4
280,ntsa3gz
281,1wat9lrh
282,ks3
283,ujosad
284,cnxgdpcn
285,19g3
286,ms8662r
287,4hsws
288,zrmnv
289,6g24xrr
290,rbn
291,wm42a8un
292,kxwkls
293,0vhky
294,vtol28wu
295,u4f0hee
296,qnnjd9r
297,a7j
298,i5p
299,yfoca
300,eb6meg66
301,1vyb
302,skp7bzo
303,j1s0n0d
304,xl2gds
305,gouh
306,3fc7
307,yxt52uij
308,o2hsq2k
309,z4phbe
310,n70bm5
311,apsc
312,urvinw4y
313,5gvr8de
314,4oincn
315,dld8m2n
316,6dizq
317,nywnsbe8
318,mh31
319,7rpy
320,4gbd
321,xocvy
322,7pksfo
323,r0ex1s
324,z1vy5mgr
325,pirzn
326,6d5rv
327,5hx3ktk
328,iaml
329,7imc8zbj
330,kyxb8n
331,7qzfigc
332,kfvqbod7
333,rs2jwk4m
334,5ok899
335,dgraxi
336,ch8g
337,z2dykt
338,4oe
339,uux6lf0
340,l34rq
341,flfoe6
342,w7fhq
343,bjuuf8uo
344,oy4jt
345,ue18af0w
346,akj1p72
347,ogxh3n
348,ew3
349,n0o1
350,ds4p
351,sjq
352,hwr2gh
353,g037fs
354,jqwf6hl
355,np11le6l
356,2y84035i
357,342xbm
358,31zdi
359,naep86
360,6vof
361,04u1z2
362,x2lvv
363,wjw
364,7j0n
365,ynhj5iii
366,o2tol4q
367,1400unn
368,egkzz20
369,kiw5ege
370,h9vus0
371,4nd8l
372,1sco2e
373,pl5i3qu
374,g8x078
375,g5c1h65c
376,mrm8ltj
377,o5hn4y
378,wk2b0
379,52x7
380,171z
381,fwgdl
382,jqjc8
383,2fmugcf
384,79fgoa
385,fl9
386,k1d2i
387,xgze8mu6
388,3a5
389,n77
390,htuhxcg
391,ew6qd2
392,pa72fg
393,8pxlf510
394,nneq12
395,jqh
396,s3fl
397,4tztbl
398,d8dc8w
399,wv7
400,giy3ri5
401,x68hnwi3
402,803
403,kdl0au
404,et12v
405,wzcmjj
406,58pkjsbk
407,5k4ip2gc
408,3gib
409,o2d04r7y
410,snvaes3k
411,6zp9rh4
412,4oskb
413,5pe466
414,h45u
415,1ycl9h7
416,zfof
417,ufqe86
418,503b
419,j3wme01j
420,epwb
421,gdepp3
422,6fqrg6qq
423,srnidvl
424,dymkjc
425,isb4igi
426,iha6
427,0ttb4r
428,a7m4fy
429,f3tkio
430,igkmbnqc
431,lgkvjg
432,df055cm
433,8hlj
434,xbdn7
435,o1zbf
436,bohsg758
437,pjo
438,rkd4ri
439,tfcbhs
440,jkewla
441,wztil
442,05cf
443,w5a
444,hwzoog
445,o001hfk
446,g1p
447,op2y
448,31l804
449,d2syv
450,wkrvhat
451,9apg02l1
452,3btr0x0
453,vig7
454,9skdef
455,dzw8kny
456,t8zh
457,molz0h
458,1gnj7
459,7rsf83e
460,13cd82x
461,7y8zgoe
462,zptmug
463,pmtffbe0
464,o1dv6
465,bif
466,kroi
467,t393
468,bx4pld
469,wx5j
470,6exyk
471,sf0tl2ob
472,hxjhemnb
473,6sbnr
474,x35ojj0
475,tnl
476,i37o4
477,2rvyu
478,yup49k2k
479,2xwysq3
480,gb8zvbo
481,z40c
482,p0ba
483,dphihf
484,rk3fq54
485,n80mqk07
486,4sd5v
487,ujj
488,8cmy
489,vyv86wt
490,t10i
491,w52yqml
492,y7pva33a
493,v6yaj6
494,ehwjry5
495,xiaae
496,mui14ks
497,rfm3
498,cr8
499,g709o
500,65m23
501,4kv8p4
502,7updxh
503,jeg8
504,6g6ob3
505,q3b1t66
506,zi0uwwo
507,8x3unlk1
508,6hnsi44
509,ki7ro4sz
510,14i
511,q3grlglg
512,vfgxc
513,jr9
514,sqkolo2k
515,n1v6j1
516,ixwl
517,qz1hpkad
518,9b2
519,onir35u
520,1n5
521,p02eux
522,p8h
523,oucnr
524,v30uaumo
525,d32
526,q0kvuc
527,s1yrm
528,1yc7b
529,qvr6
530,v6i8rq
531,b8y5
532,mqyzw6u
533,56uiqp
534,6vtnm3as
535,bnafp6
536,i6v
537,60kwui2
538,w63447vi
539,4jixj
540,tjn
541,xy239p6o
542,85i
543,ihv6vyx
544,68v6rtyk
545,lubw
546,k0kh
547,6ne69
548,vvi2y
549,yczw
550,558qt
551,34e
552,0scbrrad
553,4rxwr5
554,5wwiy
555,46qv
556,w4yj9
557,dq2yi56
558,ay2htdc
559,d94y5dzo
560,iu5
561,vzukcrs2
562,xlunz1p
563,mzjf
564,zpqsi
565,67l
566,m8jzm
567,hnjf82
568,9tz
569,8c7kr8nw
570,fktirh17
571,fa66o
572,8wup2
573,vhp29
574,rndw
575,oi6zsvf
576,zli67
577,70vup
578,whcce1
579,s4gs1u6s
580,5vk5
581,07orhu
582,mgre
583,znbx55
584,q8ok548i
585,45nnf2eg
586,nsv7y1
587,wtv2tkud
588,bcfueicm
589,pboe5ex
590,sy5
591,5tibyxj6
592,btnq
593,e2x1
594,jfuilig
595,1632
596,m2sx
597,tveb7rt2
598,jbinors
599,cgg1qx
600,d0yp3
601,3ir871
602,e0c1h6vn
603,b8q18fcs
604,1vh4pbwe
605,vs4de84m
606,0uk
607,lozsas
608,5vj6
609,2nfif
610,c44
611,nvo
612,ir3ebid
613,lvz108n
614,dmvn
615,h0xbsbs
616,gnamem
617,bdos3lm
618,skdx7y
619,dzln
620,4123q
621,e4q
622,2t75
623,f7n73x2g
624,dcsc
625,cxh
626,lbiwh6w
627,d1r8
628,085f31j
629,k6i8jmmh
630,2gu
631,7ucz
632,cfopdyki
633,uv98
634,lr3f77i
635,5tgv
636,y2ifnim7
637,fvcgdv
638,fb6lngl
639,mohonboa
640,adc6i
641,rsmxq
642,0kzv7dbt
643,3ce
644,yxmh
645,vs0xz
646,sbswui7
647,s8i54g4t
648,4nvfeuy
649,djzgpub
650,jb2yyloi
651,b1mvg3h
652,jauu
653,vwmx
654,vpk
655,abpqu6ik
656,6bvno
657,y0zz50
658,edjlob
659,huxcw9uy
660,boug
661,wmnwmpf5
662,en0jx
663,duwfem
664,nj2dsb
665,yki3
666,g8zkd7v8
667,ypm2m
668,z876
669,zr3ili4
670,fokkghk
671,7egphu1x
672,nizu
673,fp3fen73
674,aoioxlu
675,awk9r7
676,hgj21b5l
677,z0cc006e
678,8lx
679,w1m
680,qbwqw9p
681,llgsi4
682,5corzf
683,kqxgsae
684,oea
685,g0i1ysf1
686,3gll
687,ddw
688,0mt2i1
689,nz9
690,cpq
691,oglk50
692,4fb3wa
693,f3zonfu
694,2uf9tf0
695,prq
696,ohxri
697,digkrnvd
698,2l7sj5cx
699,oju5
700,1ntl0mo
701,nle
702,mzmr
703,gs6s
704,5u0vyr4p
705,wosjzjsr
706,pk5lky4
707,dd5z
708,jfuy
709,qwqtzw2l
710,l1rz
711,sjlc1
712,ypo9ykgw
713,bl0sk
714,lv3mi
715,u8fji
716,dfje
717,lj3m
718,sdvk7oi
719,gm9o2
720,rzwbus
721,r8jbgl
722,vnf0
723,ggjazwjv
724,oour
725,w8d
726,53390dy
727,m15
728,gdswii1
729,jqvik
730,t9cm
731,tipvcofk
732,2bfmin
733,v0cpv
734,q2m9omu
735,osbubtb
736,1uims
737,odtssgr
738,b8d3
739,688fsu0g
740,5lw3ts
741,13wu
742,zext
743,v25
744,y5w2r
745,sidc
746,ipsp
747,rk38dy
748,p4ep
749,djrn8n
750,8yr31
751,lthgqy7
752,qne
753,0ttvki
754,p4gdz6ba
755,bdk0n
756,pizmf70d
757,6pgt
758,x2um4ee
759,6fiddg
760,6gruj3
761,i7t0a
762,7cu1d
763,hb6t
764,tbniv3
765,zobvgh8
766,b1e5mdtd
767,2k1h
768,ufu
769,nkbx
770,qjdu6
771,on6vyqbw
772,ebt29s1
773,84nzyrou
774,gpurtrg9
775,7n8
776,eins
777,j3mb
778,0vrnkar
779,xirpdoy
780,38xi
781,oej
782,4o8
783,2f136yu
784,hw3sv4x
785,epxb4bw
786,axkmibr0
787,qr7
788,6o1243nl
789,c11kfi
790,dv30
791,xl5h22
792,tkcecb20
793,2nh
794,i7bvj
795,m1r8dlu
796,x1ps
797,2pfd
798,wf4acxu
799,dcq
800,dhd1n0
801,geho
802,jv00g
803,h70ujvmo
804,aj09u
805,k12d
806,e3nxs7yc
807,c2k6xnlw
808,3w7
809,ftm
810,wdn39
811,0zfxpd
812,5j50mk5n
813,4fqj
814,hl72
815,m8g
816,35h
817,657dcyp0
818,w6y7m
819,7h0r8x
820,acgx
821,u707m3q
822,kyhyd
823,3hriwa1z
824,kyi
825,vrwdsdd
826,niwi
827,9atj
828,4n6dh
829,r1ax4ij2
830,zzr
831,23zxup
832,dhgee0
833,ze0y
834,4o0qeoqp
835,2cqzpec
836,6qqddx1
837,bbqzv33
838,x1v67o4
839,pevb
840,eh4fijw
841,mi3rr386
842,bkvrk
843,xv0lef
844,lltf69x
845,l3bmiz
846,2kuvnq6
847,37u
848,3us1pbxp
849,9buz
850,hjwbky
851,sp6ks13
852,gbhwtm8
853,gzm
854,3fgp9y
855,i7jhzh
856,zed
857,dhckzag
858,pr8v
859,eduo08
860,uk74m7f
861,c8deb9mh
862,tml3
863,src43i6w
864,z05z
865,i5pz3woh
866,zu89g
867,d6h
868,st62e
869,olmn6
870,02p
871,shr
872,ychw5
873,w7f
874,qzlvcun
875,mhyi
876,psi3x
877,0xf7u
878,eyhi6t
879,ztlm
880,c5z210s
881,480
882,0z2kftwm
883,vkh5mi26
884,qtcs
885,4cjoq7e
886,xzij60
887,axc7a5
888,mtli68w8
889,fhbseo
890,wlvnp4x
891,zjb
892,799jz5rr
893,wul
894,18rv8g
895,jr1c4om
896,9vbph
897,66w8
898,azj
899,ow2f5p
900,jaybn3q5
901,7d68
902,frjdi
903,f2qn
904,yx8
905,h8yn
906,95jf3
907,ef82kphf
908,psqx
909,s7j
910,5xe5p5n
911,pe78tp
912,f8vv9hrj
913,n77
914,jell
915,lxw83wt
916,awi1jr2q
917,kkhijwko
918,zlaho0
919,4pwpwlt
920,i4s
921,qwd
922,3pau3gr4
923,pkx
924,xmdkk
925,k9vkh
926,fvx0zi6
927,07vs
928,228l
929,w4s
930,jtosyzk
931,70g
932,vkt1m8
933,fyd1
934,ti4p3o
935,ze85zld
936,16uiayc
937,i7m
938,6og5mmg
939,h4b
940,biogh
941,cv3pbpiv
942,15rq3h
943,dt47eif
944,zmuhj
945,64se8
946,msfkeza
947,eyx798m
948,wo8cxu
949,rpytbsdg
950,esp90
951,xdt6w5o
952,gax
953,m5ibe8q3
954,76rjo
955,jv2
956,0d9fs
957,nlcv6k
958,bbu2gj
959,anm
960,v0m9
961,uuv6d
962,loor
963,sime
964,kmjuytq
965,o8t4dvkw
966,jk6kcepa
967,wvgo4n
968,druohw
969,evwgx0y2
970,kxb
971,esuvpx
972,3s8p8k
973,18be
974,4pd
975,pf4
976,laqdj
977,y1i
978,ih0b4
979,nf0xz
980,nj2pc2m
981,rcrb33
982,s50bj
983,i9vy
984,oes7o6wb
985,kt7fg7s1
986,e5h6fb
987,5in
988,w5rkz
989,a2kc6z
990,zqk2m
991,dnwx
992,scjy8
993,bxkat0c
994,6gu
995,uev3xx
996,occpoqsf
997,lcnslrgv
998,lu17bs4t
999,0gmm
1000,qv7
1001,4lk38
1002,k5zrn7z1
1003,nx4rp5
1004,sl0ohqv9
1005,6b08cx
1006,qvht
1007,zagu
1008,07j2ns
1009,jnm1ly
1010,7mgrx
1011,dy38tlk
1012,b5gy
1013,mgzau
1014,906
1015,sd2k4
1016,61825
1017,kyziy6
1018,ifnb8nie
1019,xzd
1020,1hzqw
1021,f2hd
1022,baakz
1023,cchall
1024,vto
1025,6lx
1026,unhv459
1027,0rs32
1028,rrt
1029,h3xb
1030,g2qe3
1031,rr73huso
1032,ojkflzp
1033,3qsfu
1034,0fcyd7h
1035,oj1ef984
1036,mf22rm3
1037,2rfxdxf
1038,s0l9b
1039,6wrobb
1040,fng
1041,cs37y
1042,7vf
1043,kebt5c
1044,jbo20
1045,cyc30
1046,p1k
1047,zrgk
1048,tvtdpw3
1049,tt5
1050,6tcuj0g4
1051,408luj6p
1052,cfosegmb
1053,v2rt7d2
1054,bdgoxzcd
1055,grtwy
1056,dn5b
1057,ndk3pk6y
1058,5afp
1059,jopov
1060,ntqq86ox
1061,w6o
1062,md6s9
1063,bq81id
1064,snko7
1065,kb7ui
1066,imf
1067,slb
1068,ktz
1069,w20
1070,nxpric9
1071,vmxwm
1072,mc9bn
1073,k4nnxa1
1074,0tdt
1075,g540n
1076,cg3jg02q
1077,30cfybbv
1078,yi1lm6oh
1079,uqm786m5
1080,131
1081,rtj
1082,zqd4fx3
1083,6ey897s
1084,duo
1085,q3cbdruy
1086,2nu1
1087,jsrm
1088,b81j5
1089,51m4
1090,n2k972
1091,i9wyuy
1092,62o59mej
1093,udpwhj
1094,fqyl
1095,vo65b5x
1096,onu8rjol
1097,hy43
1098,o3zp
1099,5sg
1100,2nw
1101,73tid14y
1102,hg3p
1103,jpi8s
1104,g5qh
1105,nmm
1106,lolp8ew
1107,exvh2
1108,dyvji
1109,qbd3
1110,hn43
1111,5811x
1112,x58zlmm
1113,oc7e
1114,o3dlu6w
1115,r31pdv
1116,bv5
1117,uwoqwvq
1118,dgv
1119,1b05dm2f
1120,1xbnly
1121,gibh4
1122,chfy7
1123,h44e
1124,tpbjoyv
1125,dgemn9u2
1126,rse3ywj
1127,co4jj
1128,zfo0r
1129,dok06
1130,xbsmdax
1131,rmkejzs
1132,gpk4e5
1133,5f6u26z
1134,p1gul0w
1135,bnpw6mwy
1136,yo3ug
1137,ljw8n
1138,l4lhsu7
1139,l14i
1140,ylr
1141,ukli04xn
1142,tzf416c
1143,schhysk
1144,fgle
1145,ojnlh
1146,sumk
1147,gsa69
1148,52g7dz
1149,2lo1t4
1150,2v4ro2
1151,os895r
1152,xqj
1153,02at2qv
1154,r15
1155,m40idj
1156,7neid
1157,5ts7v3tl
1158,idc0
1159,vd9aght7
1160,0be55
1161,0xt
1162,xbb7s
1163,jgb6
1164,6b4l
1165,tjom5hr
1166,qgqzub
1167,xr32r000
1168,8ool070
1169,bue6hrh
1170,nnqt
1171,ftkyx8x4
1172,w6l
1173,bhic
1174,naxw3r
1175,fl1
1176,lfm
1177,vdd9
1178,dbk
1179,n48cp
1180,s0b
1181,tsm
1182,siijl9
1183,pvht
1184,xysa3op
1185,8dm71
1186,60ibv
1187,pfx
1188,h1k1
1189,lcy3wg
1190,7oyz
1191,agr1t85
1192,cgjq6
1193,lxde51
1194,ilyh0v
1195,y3y
1196,siekt
1197,tx7f62wt
1198,y4lre0
1199,bz471
1200,rabrb8
1201,hn87m
1202,d6bjv6y
1203,gt9b
1204,dbys3tc
1205,3ov
1206,8umusna
1207,dj5dzvg8
1208,zk4j
1209,ar4muj
1210,tczq
1211,dl0up0
1212,4qsa0bx4
1213,gdidoxdn
1214,tuch4ixu
1215,i6t
1216,vf3rntsk
1217,0kul
1218,1b7y5ci
1219,spn1q
1220,9lym4
1221,xivdu15
1222,58ufxob
1223,z7a
1224,jvlp
1225,v9rbhq
1226,5vvesple
1227,1ip
1228,nha
1229,k3v8es3
1230,xbq2tv
1231,2gei3
1232,a0hx3gd
1233,cqo
1234,puboufwo
1235,oyix46
1236,psv61g
1237,6dhn
1238,xvt8
1239,mqslx
1240,ysi
1241,vr722ocu
1242,5l0w46q
1243,cxx
1244,h4zwjk2
1245,3b84i3
1246,9qcj
1247,cjrtc3
1248,5bpgi0
1249,qeki
1250,im7g
1251,701
1252,bsumpo
1253,krvww
1254,tmj3x
1255,7apy4gr
1256,5vw7
1257,gq10hv
1258,n7n252
1259,zyir
1260,4em
1261,z775sfd5
1262,vyjcd
1263,k1z0b7e
1264,2k0e
1265,x64c
1266,u7y2
1267,3dydd
1268,p2kear2
1269,xb6bb3
1270,qr7ev2
1271,xn84i
1272,anof
1273,r323e
1274,158evcv7
1275,g7r66u
1276,9jpk
1277,1p9
1278,fdnoh4z
1279,h3m01mi
1280,zlfxs
1281,nx3
1282,otn
1283,qeq
1284,kzkv
1285,6g7
1286,gze1r
1287,fh16o
1288,afipz
1289,e1145
1290,7dmheo
1291,27s
1292,07dx8
1293,f6s4
1294,800gk
1295,y105
1296,n2j6ia
1297,rudhn
1298,maom
1299,hzjky9
1300,duivs
1301,m6rfv
1302,bewshl
1303,nzp
1304,gw5pifc
1305,i2nru
1306,ta7
1307,13e8px
1308,rhk
1309,ry46qmy
1310,1p1
1311,5mi5a
1312,kly22n
1313,cymztjip
1314,6givm
1315,2blcw5uc
1316,lriiepp
1317,6fit5z5m
1318,5q3
1319,pqq
1320,yvd
1321,68c9mp0p
1322,pv44wpl
1323,m4qeib
1324,d75yjm4
1325,8h62ok
1326,bpco35
1327,z2e1
1328,1inei
1329,zjiitohr
1330,ns83p
1331,fis
1332,tbotb
1333,9jfbr
1334,ptxyox
1335,tzj9
1336,8obw
1337,6fj7u
1338,vayzm8
1339,ql2xc1
1340,4ecuk2w
1341,4ai
1342,7g99
1343,iswtkbu
1344,odw
1345,ol0
1346,iqsdnim8
1347,44b
1348,gpxc
1349,ngoz7h
1350,m6rfopz
1351,2abri
1352,4fxor
1353,0n2u3re
1354,net1wa4v
1355,dorew
1356,limmabt
1357,hn5m8es
1358,8vr4u
1359,zi0
1360,t7owwd
1361,f1zlty
1362,ewusy0
1363,l6yqt6
1364,4w2520
1365,e8l7vtv7
1366,ezhj4
1367,nl41
1368,py0u
1369,iqz
1370,vx56r6
1371,zrbqny4s
1372,eyooe
1373,n25re
1374,7rmxj
1375,q8j4wu
1376,4nz5lw
1377,gyjr
1378,8xh2wb
1379,g2v
1380,ikvbujhd
1381,olevhy2e
1382,jsbs
1383,yib9ag3
1384,bnppixgy
1385,rrn
1386,jxdv32
1387,xttxd5vk
1388,w17fx7lh
1389,5msbvp6u
1390,ndw
1391,zsb6exqm
1392,8eiisd
1393,f410
1394,i0k1pi8
1395,kgmvkj
1396,31sc6c5m
1397,277vq65
1398,a9wq5s
1399,lb0ru5
1400,2jke3d6u
1401,vvpd
1402,rbn
1403,eqj
1404,wqc4f07k
1405,tn4s6l
1406,y6llbi
1407,z1khhk7h
1408,1jcn2z3
1409,nsfg
1410,t2dgrc
1411,8vg
1412,k9s8pqe
1413,zgz8u
1414,b7r037
1415,udp
1416,bwosrlo
1417,9fg
1418,zu7dvg
1419,38ndsp
1420,t5fpl
1421,14bxk
1422,26twkbzf
1423,cs5cpc0r
1424,76h
1425,63dkb
1426,84ceag
1427,tk8y8
1428,khu1
1429,x9hxnnh1
1430,eehey0b
1431,g56
1432,kwrf576x
1433,idntkac3
1434,y7daksv4
1435,5h4xga7
1436,wdt5j
1437,eob59v
1438,krro36
1439,fq0etk5
1440,y3s5i
1441,94q
1442,52k
1443,u5idfjmm
1444,2xswvx2
1445,3u1qu
1446,o7hv5
1447,v1srq02q
1448,twb
1449,o62g
1450,6rl
1451,7jdfqnb
1452,v08pblj
1453,o2g
1454,23m8
1455,sijwrae
1456,6v3j31hq
1457,ukbdkgjq
1458,031m6ya
1459,9y4
1460,0tve5nj8
1461,tx7i
1462,wjagij
1463,4buvquw
1464,qz7w0prc
1465,fqxq3cuo
1466,4aw
1467,mqlm64
1468,y98lb
1469,sm46ecq
1470,pqpc
1471,04vv
1472,xbmrowd
1473,g1ltpd7
1474,vmfzr5
1475,d6azk
1476,tsi6dr8b
1477,t5u7uxc
1478,0ny
1479,1bp
1480,2zforq95
1481,74wexh
1482,vidk2
1483,ei4
1484,u0nwx
1485,lvyz56
1486,i12
1487,bp0ogrf
1488,n20g
1489,dfbujv
1490,v4xsvobo
1491,00fh4frs
1492,nz206
1493,bq1cnzau
1494,0c8iux
1495,ix2gdqc
1496,tpnhnkl2
1497,1zcn
1498,u46
1499,bpyb1ln
1500,otm6y
1501,1do7s6wq
1502,ocl41win
1503,mf6lk
1504,css
1505,y9vd
1506,m8n4f
1507,x1lcmpo0
1508,ehn4fmh0
1509,00y
1510,artg7
1511,wqqale
1512,shk2
1513,yhv8o7
1514,hstj93v
1515,9ofzqx7
1516,f0r
1517,6je0he
1518,5znk1pu
1519,kq5fq
1520,v2cp
1521,9j69g2q4
1522,mx4
1523,dxko
1524,qavi2ho
1525,6yl
1526,19g82
1527,5up
1528,8ip9fyv2
1529,flve6zt
1530,cd2ks7
1531,32u1z
1532,9gno
1533,q4n
1534,p71ec53
1535,rel08b
1536,5u4
1537,dxxu6
1538,uz4v1uv
1539,44ktz1u
1540,kbkolwp
1541,mg8c3m
1542,nnv4
1543,fbu4xy0w
1544,x81
1545,pfvijsf
1546,tlrq
1547,ngv4
1548,m3sw
1549,1x4w
1550,g1d
1551,21oh
1552,v2t
1553,opr3pr
1554,8uz0h
1555,cc0r
1556,5xfxqnw
1557,kw4
1558,uob85k
1559,ivr
1560,4ki2c
1561,klrw8e8
1562,tzvb
1563,5xo5mepd
1564,7yh
1565,dye0vuc
1566,k6qtgo
1567,h3ovi7l
1568,sjvu
1569,tgsm
1570,33s
1571,4rs3v
1572,6f2
1573,88m7q
1574,mfzd
1575,ysd44e
1576,gi55klu
1577,f02n58
1578,my2
1579,rl268m
1580,sh7z3wqs
1581,ssf0
1582,e15
1583,cvs4x5
1584,ocyl
1585,ij6ruhyj
1586,fd4ks
1587,nt5tmhyd
1588,i96vh
1589,ayj7w
1590,88s
1591,hcqp1
1592,klc
1593,4b68k30c
1594,jdeh
1595,6rb2jo4
1596,ld03e74
1597,8hok8r1
1598,wovr1l
1599,am0uyp
1600,4s7gj20y
1601,um7sl
1602,2e802
1603,xzeh06
1604,51e2vfh
1605,pm3
1606,jinbzrq
1607,tu6u
1608,wg7csfr
1609,1bub0o7s
1610,ano3
1611,q0np8
1612,la7ry
1613,c81kp3jk
1614,6mhhu
1615,a9d
1616,r8gxt
1617,efvk
1618,zqj
1619,274su5
1620,t5x8z
1621,rgl
1622,zi13mv
1623,opzl9i
1624,zohuu3nb
1625,6zt
1626,ujb02
1627,jqdvn
1628,c7freseo
1629,8vp
1630,21a
1631,ehfezvc
1632,rc4ur
1633,234bo32u
1634,odillgy9
1635,h0gaxx
1636,1qo9qoaa
1637,pc6k3
1638,rtriunz
1639,wxvmb
1640,v6de28pu
1641,7fvptvjm
1642,80rpwg0u
1643,odhkyeql
1644,27ji
1645,msg
1646,vfww
1647,niqj1
1648,gcnjmp
1649,eb16mcm
1650,s0u
1651,mtgal
1652,p4b7og
1653,dv6u2rtl
1654,9w8rrnv6
1655,4qf6
1656,1wd
1657,bsh2
1658,0m5cem0u
1659,25gzjc
1660,kogr
1661,em4u
1662,tfbwn
1663,ysj
1664,kgq
1665,znv
1666,ock4x
1667,zdb8idah
1668,xwfwtl
1669,tmnhc45
1670,y4u
1671,mq6jw
1672,sgqw
1673,bed3f4q
1674,ephmd
1675,mmb0u42
1676,krb22umq
1677,hafc5it
1678,6gwr3
1679,t9cspi
1680,lfy
1681,xnf9fgo8
1682,cyuqc8q
1683,klrd
1684,uj4cm5o
1685,gx1h21f0
1686,fimc77jd
1687,ttpq5ut3
1688,g4yxy
1689,g0mbg
1690,n2squ
1691,vxj1iebv
1692,xv9ohps1
1693,cjk4dw
1694,4idh
1695,hm8e2
1696,mzebc
1697,e28
1698,cdnyod27
1699,igzyn
1700,f2v8g
1701,74ak2v
1702,wbsdnw
1703,xys
1704,59ffl
1705,iy9
1706,rs5lmz1t
1707,3q04
1708,u2r4n
1709,hqq
1710,h8t808vu
1711,a5l
1712,gfrd5
1713,k1otrbe
1714,eh6sm3
1715,w2oo4c
1716,y0j
1717,ku3p
1718,6elyedv8
1719,oyv3nz1
1720,xl6y5
1721,1ypk8w5
1722,hjz19i8p
1723,wj2
1724,vi0
1725,nf7upgbt
1726,v86pku
1727,iufni0s
1728,cmoy0ks8
1729,2cgsz
1730,jxx
1731,5e3hg
1732,igo
1733,9nushu
1734,xvkfki
1735,18p
1736,qy0odvgz
1737,27h3
1738,hjdhm5
1739,9fy2
1740,cmt6p
1741,q2y
1742,cydu
1743,z6yys
1744,esvxu3u
1745,cbqfl
1746,a10cwz2
1747,5yushq
1748,kzn
1749,hl8
1750,77xt
1751,31h7ak0
1752,h13u6uq
1753,85w51tl
1754,cmaz0570
1755,ry0sfyv
1756,wrkff
1757,9ynhzny
1758,zt5
1759,7z1ej6
1760,zp7
1761,or5gd1b
1762,0qb
1763,2zxorl
1764,6q2
1765,nd8wucb8
1766,bxqlrn
1767,1glr
1768,7zpv96t
1769,1k35oxrl
1770,qmm503mu
1771,35mnhga0
1772,kkplyu
1773,jf1
1774,sry4s
1775,pv6h
1776,3nn
1777,mbpotdx
1778,vh7tj
1779,5j2trgox
1780,gssfwctw
1781,6yzz
1782,g844jhq
1783,wb3
1784,j21n7b
1785,azhycl5m
1786,ja48fl0g
1787,ya0zq4lh
1788,26ig
1789,cdd11v3g
1790,f7ymx
1791,i1xuht
1792,zvv8ijs
1793,fe05r
1794,pst
1795,drhc37v8
1796,q2hn
1797,q8r
1798,pc3xb43f
1799,e0fwm
1800,nz8
1801,qe7ph
1802,jlz1
1803,4cp
1804,hx55ctwl
1805,5kxx
1806,obj
1807,zw70
1808,azdgafd
1809,8libka
1810,p5eq4g0g
1811,7ww
1812,vqstq
1813,g18499
1814,y9zhno1e
1815,r0y64
1816,sa2
1817,5icgu
1818,78ly6
1819,ycx
1820,1tht176
1821,hxiqsj
1822,xb7ugd93
1823,l53k
1824,z5n
1825,gr4s
1826,hkgy
1827,fha
1828,hqc3k
1829,6dat2tk
1830,x7scsul7
1831,1foh
1832,a038uh
1833,8a40
1834,m72ru
1835,xu9
1836,ucb45
1837,bvopnf
1838,vjblhi0b
1839,kmrk
1840,rjpqf3no
1841,bwys2
1842,5mo0fs
1843,5x2
1844,1wc8
1845,f1hc2wc
1846,x1s2h
1847,0oel7nf2
1848,las7
1849,ktajzx
1850,lef
1851,m9cp
1852,v9zbh9
1853,sw7n5ge
1854,ih86
1855,g8wzbc
1856,s4g
1857,2u7zghu
1858,sfpk8
1859,n5dm
1860,7xw0ir
1861,8prx
1862,ytf8gqt
1863,bv1
1864,yg8
1865,7lwq6
1866,lzb
1867,xjkgs
1868,iqctil
1869,6qq
1870,on9m6m
1871,ibk8k1
1872,cb1x
1873,1as
1874,6u17r
1875,lk2yyvp4
1876,hnu
1877,save9l
1878,e6rf0jyb
1879,eprxow2
1880,wcpz
1881,6acool
1882,94shon
1883,mkbuo
1884,2rytq4
1885,n2x31k
1886,6q44evka
1887,oik5
1888,q2u01jck
1889,5rbzrjnb
1890,nplpi
1891,ypm
1892,pdm53
1893,ye5o
1894,1zz
1895,7gv5
1896,8vj0oqh
1897,ryz8fdge
1898,c6r
1899,o9d1
1900,1911p2
1901,psy
1902,h35mqc24
1903,ujeh7bl
1904,3inxkn
1905,55neeknm
1906,3tqb2s5
1907,d3d7kua1
1908,7wqick4r
1909,d9i
1910,ct1
1911,ujz
1912,4zg
1913,uo30f0
1914,v1rkd4
1915,oqfmp
1916,qxw0q9
1917,2hb
1918,44q0j0c
1919,c62
1920,htbv6nkc
1921,ovvss
1922,31f76
1923,llz71s6
1924,i5r1
1925,moecov
1926,869yb5
1927,06q0wsx
1928,ss15uh
1929,0g6npg
1930,h4wxf7
1931,pevj
1932,wza
1933,r6n
1934,qdlkm3dg
1935,ja4
1936,u8ga
1937,r2z
1938,ppn11
1939,nh7d5h2c
1940,2if21h
1941,rlkiwdh
1942,et3v4
1943,cb6tnc
1944,hlg03a
1945,cmq708y
1946,jxstqi
1947,q1tt3
1948,wb6
1949,bx3xhes4
1950,3lrl
1951,pmy
1952,70x
1953,3dse1
1954,fmbm8
1955,18jb7kgl
1956,xvnpoof
1957,gnsg8
1958,i3t
1959,l4pizuqi
1960,4o1ozb
1961,3vxi9q
1962,5mf
1963,dlht9bo2
1964,zv663f
1965,ybl
1966,99x201k
1967,rq7
1968,08utp0re
1969,jbi
1970,nxql
1971,p12fc
1972,jj3n5
1973,phivyvh
1974,knnpqdmw
1975,bbnlnvp
1976,u3yjjrk
1977,lu5tg
1978,nqgxjsz
1979,r2schvh
1980,g2ea
1981,vqkmnb
1982,9j9vy2b
1983,cptr
1984,snwnrj0n
1985,034c
1986,7oszxd83
1987,ghrurg6
1988,5bdah
1989,4rz
1990,18y7
1991,mhq8ri3
1992,qpbcuv
1993,uiq
1994,vmzj
1995,qpo1023v
1996,kt3tc
1997,0nrxwv4w
1998,2pc
1999,3mnsdrbp
2000,7vjwj
2001,q76
2002,i75is
2003,e5iq
2004,9ml0q
2005,qh8q
2006,axe4
2007,4em33
2008,sgwn7
2009,80g
2010,21o
2011,zs4
2012,2es3
2013,3zv
2014,rb8m3fl3
2015,h7i
2016,sd6w7
2017,ne6
2018,w53f
2019,evpc2hrs
2020,cp0
2021,qup46
2022,qg7up9
2023,eczk5jx7
2024,nm0
2025,e0bqv59
2026,lun
2027,vxq8
2028,x12a3tf6
2029,op71130
2030,p4w8nr75
2031,56wqb7
2032,q6v
2033,vx2ba0e
2034,zbgn82
2035,tg1
2036,ls5wpvo
2037,aoo
2038,d4kztkpt
2039,jnl20umh
2040,6wp
2041,mqdmm
2042,7a2
2043,80i
2044,pcgt7
2045,fl0qrp6
2046,2vr2
2047,060h7o
2048,b62b5bnp
2049,gdjhoak
2050,ksogsg
2051,bjb
2052,gfb4
2053,gl8lb
2054,v4z
2055,crj
2056,xw9hwc
2057,h655h5
2058,x2vudj
2059,8fggic
2060,33su
2061,74ic1vi
2062,gg5e
2063,ap7ps
2064,rzizo6t
2065,5w41wqc
2066,vp4j
2067,1rrz
2068,jwk
2069,4a3
2070,m8s6b6od
2071,c40r2r
2072,j4sqle
2073,7xdo
2074,5mv
2075,zfjk
2076,mxm
2077,r76o14
2078,wfj
2079,mcran2z5
2080,et67oma
2081,hxf5x
2082,p7pust
2083,mb25k
2084,4ewrqq
2085,zbi7p
2086,47j2j
2087,xmmc4o
2088,h7w6
2089,fa4x1u3
2090,f5fh
2091,ptk7tzb
2092,1c2y
2093,180
2094,7dqmgu
2095,fcsk6u
2096,qdj727
2097,z4q
2098,1drg5yg
2099,1c01s
2100,ywx
2101,5aj05
2102,ht8r4x
2103,i1s
2104,8shvbls1
2105,dye39o24
2106,323m38e
2107,smvm2p
2108,7cx
2109,6e557
2110,xa3sbe
2111,4s3htu4o
2112,kltq4p6
2113,8ofxjdx
2114,iwh1fjd3
2115,1g8qw
2116,ashcb
2117,vmtq
2118,bgr0bkgi
2119,sw5v87pt
2120,1zzrro
2121,pki
2122,s4kn238
2123,e1rywpx
2124,miv
2125,ruefd5
2126,otpkp
2127,u28w4f31
2128,jrkt1d
2129,l1pgscg
2130,u2dw
2131,wzly3e
2132,88q71cg2
2133,tffxz1hw
2134,2h61
2135,82058d
2136,7795b2y
2137,fn1
2138,6aj6fq2
2139,qce76gk5
2140,qx6
2141,8m581
2142,ln7qqx2n
2143,qmk43db
2144,29lnsss4
2145,npt
2146,5emax091
2147,hwke6
2148,lszya
2149,vl24i
2150,8ewd
2151,yiq
2152,bgm00gwi
2153,oxkc
2154,ltgsy
2155,4dfkfc4f
2156,7dz01ll
2157,2b9iwo
2158,4sihmo7j
2159,y3y3
2160,1bt7
2161,j9e68f
2162,5rsdcq
2163,f1wn
2164,6khipr
2165,evps
2166,j0q5
2167,9rb97y
2168,d7ae2h1
2169,9u9he
2170,408ck9gf
2171,fin2ecy
2172,8dywlm
2173,tfbh
2174,e0vjr
2175,c7bd
2176,ryusqt
2177,f5cs
2178,bg1owc7
2179,2w5
2180,7ewu
2181,wus3
2182,tt8
2183,4mlrwb
2184,58cq9p
2185,wfrh
2186,gblig2q7
2187,gx2x7us
2188,fw33zd3
2189,tczeed
2190,j2f3f
2191,hi9
2192,bx6x5h
2193,9l6gqzd
2194,owi4eu4
2195,4gz924r
2196,ppi
2197,1gsk
2198,f7c84hox
2199,6kji
2200,dpzmy5
2201,fx6bue
2202,vw7k9
2203,co4ed3n
2204,eez5h
2205,w8e
2206,q8j
2207,7xqbhrks
2208,nsi1k
2209,8iu2w
2210,23mi
2211,n1ltib
2212,bmq
2213,am8hqxfc
2214,doe
2215,hg30x
2216,vq8
2217,q87z
2218,lijd2
2219,56ug
2220,ni8xpm
2221,5q7tj
2222,vnowu
2223,wa7j
2224,4oodat
2225,ndg
2226,2ffps
2227,exmusy
2228,gxc
2229,4evx
2230,pz1grf
2231,rdswrf2k
2232,4uak1j3
2233,o4d1
2234,7lj0
2235,75cu3xl
2236,ti8u7n
2237,zpbbscs
2238,mcwwv
2239,oxoyec
2240,y8rb2x5
2241,s72u3ccz
2242,gsm
2243,l1k
2244,ixcx
2245,o14lls
2246,s5k
2247,7jcb
2248,g2qkwq
2249,e22aobaw
2250,q1t6
2251,u7yj
2252,kuzpd2s
2253,e2oeyg
2254,16ajl6z8
2255,1rll
2256,w1lahc
2257,bu5r8
2258,onb28de
2259,47oub2
2260,jeg
2261,6q9vyw
2262,d3z35fcm
2263,hefrxntz
2264,6u5zym
2265,bodb
2266,iughdioy
2267,q930l4t
2268,8zfncr
2269,ndkwr5i
2270,lpq7uee
2271,d3jh031j
2272,p5dio5
2273,n9y5v
2274,e7h
2275,nszo
2276,zs07
2277,7t1
2278,xuh
2279,kzqvbz
2280,g35a7a
2281,k5k8n
2282,gsgim
2283,5kc
2284,lpasfxx
2285,iqj
2286,wocgkd
2287,p7ucym
2288,8wt20yzg
2289,ed6ss
2290,uqwk
2291,knw4v
2292,fmpl
2293,85f24
2294,v6pee28i
2295,hly
2296,xdfvbb0y
2297,lysf2g8a
2298,cby7p
2299,1ejzidkf
2300,33ari2ef
2301,o05n
2302,4hfojkz3
2303,67eg
2304,mzne0m
2305,m3k3r31v
2306,d2vg
2307,zwyoss
2308,kdivlpc
2309,6f5k
2310,wumt
2311,w6ok
2312,gty22kh6
2313,iy73t
2314,ux8i8
2315,rvy
2316,1rboy107
2317,v5h0f6g
2318,i4u9iq
2319,r9z
2320,wdd22
2321,rrq88uwg
2322,8fb
2323,n1elr4qt
2324,l0llqz
2325,balexobj
2326,hty
2327,2t3y
2328,fx7bx
2329,066s
2330,rdjmeu
2331,umy7jo
2332,oi8zpv
2333,gy17os
2334,arhri
2335,2agd5xfw
2336,kzlkc
2337,rsshp
2338,q6kq78
2339,ipy
2340,stl7
2341,0944iig7
2342,d5vp0st
2343,36gv
2344,32r27
2345,qlrjmh8p
2346,9mm1gun
2347,dp36
2348,58m7u
2349,3rj
2350,9njppi
2351,meqj796h
2352,dvhsrqth
2353,v0wf1
2354,34s40
2355,x5ho86
2356,6zg6u
2357,kin
2358,3m4q1ec
2359,bjbx
2360,z2njzn7
2361,7en4ux62
2362,822
2363,xe140ld
2364,mht6zip
2365,8ttfydm
2366,ofz
2367,rwd7
2368,iss0o
2369,zpsoi
2370,b7i3sf
2371,fmajwluj
2372,wrqdd
2373,c0y39j4n
2374,7ane6go
2375,mbfxd5m
2376,3hkxt107
2377,385sbud
2378,88xv
2379,7cimx
2380,2ju
2381,ow7zxvu3
2382,v52z
2383,7at
2384,nhffpuk
2385,4yfbtsy
2386,ktz716g
2387,hmtdhzn
2388,62jb
2389,ontl3s
2390,ep6i4cw
2391,9x5gvvsl
2392,xvc9s4
2393,o8b
2394,w8a4
2395,kbp7gri
2396,p8uwis
2397,ppcp
2398,xfhfs
2399,4lzucmw
2400,02zsqfz
2401,such
2402,223
2403,6vj5vz
2404,ltjlkyph
2405,e0w3blw7
2406,ts3qqy
2407,jyfunxzi
2408,4j7l
2409,4oqz
2410,ttz9a
2411,v017bw
2412,5y2gc
2413,baoh
2414,6y1c5f
2415,bjv7v
2416,d8urnk
2417,sfjthuh
2418,uzq6s
2419,ehth
2420,n02cwx
2421,mcap
2422,6cnlc5
2423,w0y
2424,j0y
2425,ulddoy
2426,xvz
2427,emvszl
2428,2bs
2429,bot2t1nt
2430,krp
2431,0cnmcme
2432,gz8
2433,lmh
2434,bu5j8h
2435,mupkrp53
2436,ujhxsode
2437,mq5723
2438,e2m8tu
2439,g0o
2440,dq2sb
2441,ieip2
2442,dsi5
2443,whtrlwjm
2444,4n4zn
2445,s5cglep9
2446,hl34bc5i
2447,0kurr
2448,cjhkio
2449,6esirc
2450,baiwzu4p
2451,qew6uxci
2452,zgo7
2453,wv70x
2454,b87k
2455,2yt4
2456,ed6v26p
2457,7imix4ny
2458,mgjq1fvc
2459,h9t3m7w
2460,ab1fw7
2461,h30tlh
2462,8lw
2463,n2ee7lnd
2464,8nyin
2465,z18
2466,0b8721
2467,cf4
2468,i9k1vz
2469,y88tko
2470,wnfbqy
2471,rdxu0uq
2472,nrwp9qg
2473,ugwc
2474,z9iy
2475,zf8n2d88
2476,7nfk45
2477,w2dgcdk
2478,hqnu2
2479,k7f
2480,mc58
2481,mjmrvsf
2482,yd9jv
2483,cni12
2484,08tew741
2485,u6an6
2486,4kqyq4hx
2487,chfp1ff4
2488,x7chc70
2489,urflcq
2490,c9x7
2491,nkmyy
2492,ojmmphu
2493,f1vv36
2494,p6qw3
2495,w1tk2tkt
2496,fp0gg3pz
2497,yj18
2498,hxz7w3yn
2499,blu60oq
2500,vc762r3
2501,flf5q0l
2502,67eu
2503,ifylo6
2504,zhlpfdu
2505,hzm6s
2506,qsve
2507,4yjz
2508,v7q
2509,r21pmb
2510,bm3tg
2511,dbr6rnfe
2512,wr3p5
2513,2f26lvkx
2514,g7tx6cj0
2515,kpq1
2516,vy82m8e
2517,362cf4
2518,6ow
2519,n6b
2520,o2qporcs
2521,7f12d
2522,fcebiwwr
2523,5rtr
2524,vtr5
2525,kofvqt
2526,zkons2s
2527,7jk1pu
2528,cgbi
2529,llcom4ki
2530,5y4nr
2531,ktryo
2532,la2g
2533,5ekh
2534,r59qeop9
2535,o4hfo
2536,p48lt8a
2537,v8uzn
2538,wpol
2539,w8837ic8
2540,xqwru
2541,fq6d5bsk
2542,tuxweif
2543,glueg
2544,obtlo
2545,h0igtkq
2546,x8cme
2547,wwsz
2548,y6fv5
2549,12ktkwcp
2550,1zx
2551,06u
2552,lfdqh
2553,ndrn4qt8
2554,gr1p
2555,6hmziehh
2556,ur8d
2557,9b9dj
2558,6r3bsbx
2559,xs0r
2560,tyokr7
2561,lqn5x6bo
2562,gn34v
2563,13em
2564,reb5
2565,q6fp
2566,gogofz
2567,acj
2568,up1
2569,m2r
2570,7vzql9l1
2571,dugp21
2572,ko3sowyq
2573,qsm
2574,zox5
2575,ufi9efy
2576,qbpv8q
2577,vytzkr
2578,sinwi8
2579,umx2ln5g
2580,julbf
2581,pnb8uy
2582,5tk
2583,lgtqv43c
2584,o4nh6ehu
2585,i5g
2586,t1r
2587,8woy
2588,ewrgd
2589,8gxjibjv
2590,o8ilh8bs
2591,6rra
2592,iwk
2593,fbo
2594,8ok5
2595,uh04ep
2596,dk1yz
2597,hnhb6
2598,ndy
2599,z51gt
2600,2n9zigrk
2601,8lnlk
2602,twogp
2603,0eqxken
2604,ifk4wzfp
2605,8p74ed
2606,1cab
2607,uw4zlrmq
2608,o80eo
2609,xewd6758
2610,mezq7
2611,sb6
2612,i1ud
2613,5hd3lwtg
2614,vwcekdt
2615,pns2ln1q
2616,13f2t1
2617,hsou7
2618,zey
2619,b86xlgjn
2620,myz2p6d9
2621,o1d5
2622,1u8v
2623,jl4w8
2624,dm0
2625,0gbgvmj
2626,w5nda7
2627,p534
2628,rw60pyth
2629,z6aa7s
2630,p9du
2631,14yhco2o
2632,lydf1qx
2633,zet
2634,c1xd
2635,su7x0wu
2636,tu4yaq
2637,pkzaie3
2638,6i24pint
2639,aqcze8z
2640,k9fsdwk
2641,wflxz8x
2642,rq550
2643,2g94eb
2644,ntb5vr
2645,mjzj
2646,shk8ro8z
2647,bvbso
2648,bhg8jz
2649,7144x9
2650,pl9f5b
2651,1rb
2652,dubup3
2653,c557t
2654,q0ouxi
2655,mahjxdn
2656,ydvu
2657,785eb27o
2658,4g8
2659,6x8hd
2660,xsk768dz
2661,62xj063v
2662,o88xky9
2663,l2jl4
2664,x3t8
2665,9l1b54
2666,847mk
2667,t0zcp
2668,q1fkeeb
2669,4r796pxf
2670,8u82
2671,wg30r9r
2672,70wxi6l
2673,kcegiq2m
2674,rdxh60
2675,fuwvrtn
2676,ou0
2677,efdrqp3
2678,pi816rgv
2679,ftky
2680,ee466enm
2681,4yxz
2682,o7bof9n2
2683,sib
2684,py42
2685,63124o
2686,jlg
2687,hlg5xy6j
2688,7tpy
2689,brdjstx
2690,q5hex
2691,xbg5
2692,nlwloiw
2693,6pncm753
2694,gv68
2695,dlx467
2696,ipoo
2697,mabe1jc
2698,36q
2699,07747m
2700,hduuf
2701,8jseas7d
2702,a4s5
2703,xumrvi2
2704,yhjh4v
2705,2kigl
2706,vslv
2707,be65dj0
2708,hurvjkn
2709,h6pgoze
2710,fypn4
2711,3hchpz
2712,nvfmk44e
2713,u63ejjwn
2714,xkwhy8
2715,vj7hnlxp
2716,jpuzo
2717,63nd9m9f
2718,mr0
2719,8zqge
2720,1fjgk430
2721,rsr9x1ug
2722,biih6e
2723,15e
2724,b93w5ujz
2725,mny8
2726,c4b5jo7
2727,nb57w2
2728,33ujxuxn
2729,6ebwq78
2730,rn4lib
2731,nw4q
2732,eteixg
2733,tb8yqyvl
2734,wi7s5lvl
2735,pxcv
2736,okr7q
2737,s85efubz
2738,79zi
2739,3uhg
2740,5owqc
2741,l4cm828
2742,jbxb
2743,i5eeq
2744,mloochq
2745,moz8za9
2746,mih0of
2747,ww2o
2748,eb1c
2749,rc677
2750,vhtentu
2751,4bzwfxf
2752,y34p41
2753,c4rp85pz
2754,i14ocv7y
2755,5z5v
2756,barfv
2757,4rwf
2758,fieqc
2759,xul359q5
2760,lszr9nvi
2761,ddyr
2762,mn6e3
2763,gxhv
2764,9sl8q
2765,q1n2obct
2766,bzy2
2767,qba
2768,12ck
2769,r0urijj
2770,y22n
2771,se2
2772,ylp
2773,a4z
2774,gcos1q
2775,0ff3gp
2776,en0v46s0
2777,w0ti1d
2778,1ad2eniq
2779,ib1
2780,sg5rc
2781,4ons
2782,z885
2783,thncq10e
2784,fdjv64
2785,nh8kqtxt
2786,hr4a84cy
2787,ahl
2788,tkuf86fn
2789,0rhi7j5
2790,k7plhu
2791,swoa
2792,deqdlx
2793,ixwbq0
2794,s1vhgj
2795,yu6d
2796,j5qvij
2797,xig3vcbm
2798,c36
2799,fzoiw8h
2800,c0qbig6b
2801,v1m85hx
2802,k7m5
2803,inn78
2804,31qr3i77
2805,86jjs4bl
2806,gheu2
2807,sufi28v
2808,ffl7
2809,5se4pz
2810,v9m8mvbb
2811,6oe
2812,lc1kavjl
2813,2dr2vnws
2814,dyp8d
2815,3erp7
2816,fzcx6
2817,ybx8g5
2818,17abfed
2819,0nlfe
2820,er4
2821,zf5
2822,hn4q
2823,37ezj3
2824,ef4nk
2825,wi3sy
2826,2f6ba37
2827,1rli2p
2828,gt0ebwfx
2829,s2co2ccr
2830,8igg26
2831,hzs1b6yq
2832,dgurt
2833,fuokbz5
2834,e7d
2835,2cksqtr
2836,dw2v9
2837,hkkj
2838,a1i5v
2839,d4g45kk
2840,ff1r
2841,kv4hwbs
2842,ru8x2
2843,482yozd
2844,yoy
2845,awcc8zy
2846,dctn8
2847,85dafz
2848,2syig4l
2849,yxz4exft
2850,46w8vai
2851,7vv
2852,75syiw2
2853,0wh
2854,wrcm
2855,mnsu
2856,ef3utwxg
2857,l4wwgpka
2858,capsa
2859,14yhguxh
2860,viby
2861,l8fkmzc
2862,wl5kwtj2
2863,68q2klb
2864,ghujjvt
2865,f00f3v61
2866,1alqvwk6
2867,orquczu
2868,bufw
2869,61tw8
2870,pctie
2871,v7d2thj2
2872,kfpk
2873,1asxv32m
2874,dlvzdtkf
2875,1y3
2876,doudih
2877,no6m
2878,m97fo
2879,n80vpw1g
2880,j7om6r
2881,mpj8hk
2882,h6cx
2883,wnpwv5c3
2884,6z62q
2885,x70
2886,k4k7
2887,nm7cph
2888,7tt13toq
2889,oquybr
2890,nzrrwm4o
2891,7hj07cg
2892,woxq8jys
2893,uy5s0t3
2894,klyja
2895,taqnzqbl
2896,i4g4h5t
2897,3dsj
2898,jh1
2899,qozl6
2900,ftbu4
2901,84uh0ik
2902,0y7ae
2903,61t56
2904,eqe115n
2905,nexu
2906,lofex
2907,e27s
2908,egnjj2d
2909,m5w
2910,gpmtu
2911,trdrhmr
2912,lku
2913,hx1
2914,haf3
2915,vxn
2916,7tck6
2917,177b
2918,zh85fd
2919,p2zhah02
2920,zzxr1t
2921,os87v31
2922,5cqoeg1
2923,kpf6p
2924,pgt
2925,hriqz
2926,us5o96
2927,4iz
2928,ea1ix
2929,jqopj
2930,4bugh
2931,k687wzrp
2932,hbu
2933,hbwc0m8l
2934,2x7
2935,chp
2936,rw1p5
2937,ctxl6c2
2938,q74mklu
2939,llm
2940,kpv
2941,sej
2942,0fq5sm
2943,1d5wseky
2944,7tyl
2945,t1f
2946,ysrtrzjc
2947,0q4p
2948,iig
2949,75k
2950,t5g9
2951,nfibv0m2
2952,p4i
2953,whx7zw
2954,htv6g8
2955,h2z
2956,vzs
2957,u1rylh
2958,mh6dtln
2959,uvtuo7d
2960,dv5ag
2961,gn584c
2962,f4pz2
2963,7m5lf4
2964,xvxtnj
2965,ijpko5t
2966,17x8abw
2967,7fzx67
2968,k3da67f
2969,bp6z
2970,ega
2971,gf3jtjwi
2972,oz5
2973,m1erc
2974,0y6c3ep
2975,1xra
2976,x3z2jvx
2977,5ullz3d
2978,s5njp
2979,g0tik
2980,4jeft
2981,y4z08ls1
2982,vvrh7
2983,436pd84
2984,ylpn08
2985,ov56y6
2986,0mr
2987,ftj
2988,l6rj
2989,hfri
2990,inp7
2991,or55ikh
2992,l1980
2993,3x1ed
2994,t8ynsa2
2995,75h2e
2996,b4w35s7
2997,idi86018
2998,nw36emx4
2999,6mebv6
3000,9fddep7
3001,kspy
3002,i5er
3003,a0w
3004,ksx
3005,uqt
3006,49re8gnk
3007,lv7yrt7
3008,02fxh5
3009,nath
3010,jhtr
3011,vu52aq
3012,6ysix8m
3013,lfzxm
3014,t65
3015,5k3lpm4
3016,zgtwlgl
3017,g47hk
3018,mn5ps5j
3019,zvmyq
3020,5hetnp1
3021,i7d3kg
3022,bdsk
3023,bim
3024,e3x37
3025,lr6ib
3026,9cjk
3027,nuxlwb
3028,c7w0
3029,56j7q
3030,s8y
3031,5hgt0n
3032,36hjbcnu
3033,96aby5z
3034,o37uxg
3035,pmj5f
3036,4sxjlz8
3037,58173jov
3038,gyc
3039,vka5p1u
3040,w4gc
3041,8me1qrv
3042,dmm85
3043,frbtenc2
3044,ui5m
3045,s77xht7
3046,ddqh27z
3047,pkdc2
3048,kje3ugn6
3049,0nwxr
3050,wwetj
3051,47tyl
3052,2bfj
3053,ge4
3054,480ik2s
3055,lq4
3056,mcfvs
3057,covu4c
3058,b6fs0lr
3059,si2s4c
3060,15j7mg
3061,wxlpig4
3062,xiq3hh
3063,upu1
3064,8nl7070j
3065,7py
3066,vs4
3067,uis
3068,g2m3h
3069,6lo8cym
3070,klcu
3071,i4rf
3072,wumnp
3073,hu123
3074,rdju37
3075,pjxpwqvu
3076,x8k
3077,lfkd0
3078,12z8og2
3079,140i
3080,0q3c
3081,ssvfrwv
3082,6ex
3083,ju7mhm
3084,nw6
3085,nn3d
3086,f9m7eb3r
3087,zurr6
3088,nu43g9
3089,oebb37
3090,5qbhkg0k
3091,3hf4
3092,wpxuj
3093,aveso
3094,2vpr2eps
3095,l6vmp
3096,g5751uf
3097,o5x
3098,knr0ohu
3099,a6lzzn1
3100,6y45h
3101,7y3zl
3102,7kvw
3103,5e31kuxu
3104,whlv
3105,eer705y
3106,i85y
3107,popl
3108,1kter
3109,o6fgbdf
3110,ios60
3111,se08azg
3112,n7t5b
3113,td3bgm
3114,8rqotwuy
3115,2amp
3116,lsx1ht7
3117,86qoqpiy
3118,3p65r6
3119,r8ndio
3120,o6pofo
3121,jto27
3122,c8tggsxv
3123,iw6mm3yg
3124,3mu54g
3125,3gr
3126,qjnd
3127,w55
3128,n46ozq
3129,1951q4
3130,ow1
3131,tz3z1
3132,3xxxuet
3133,l6l73
3134,i76dofmk
3135,jx7
3136,chg
3137,s79ub
3138,3ygs5cgi
3139,dmhg0
3140,mvhcg4x
3141,1737tb
3142,l4vz3
3143,04z
3144,7t8n0old
3145,3egd54y
3146,rsoeux
3147,5zudsl
3148,3g6zins
3149,mmyzcy0
3150,5uvv
3151,qzg
3152,5dgk0uq
3153,pe8fe
3154,y1d72
3155,h4s
3156,yz7xm
3157,pqn5mf
3158,w78ep7p7
3159,kv3u
3160,c380
3161,cvus8
3162,hky0phio
3163,11cg6b
3164,zaj17fgr
3165,euvj
3166,eui16r0i
3167,t0pr
3168,1cq04rrn
3169,xhgta
3170,cmhmgqb
3171,6u9oc
3172,jskxtdrm
3173,b8grtr0
3174,rqvt
3175,1iy68fyi
3176,z1i
3177,3b0
3178,hjr8mutg
3179,uvg
3180,3pjlf3
3181,nkk6
3182,ei4tjhu
3183,8ox0tb6h
3184,3dvpqftu
3185,oy1uo
3186,kgw5
3187,hytbwi2n
3188,9uj
3189,1qy
3190,cwwtfd0
3191,2lm
3192,b02bq3fd
3193,nr19dqq
3194,hhwekn3
3195,o3u
3196,ow9gj
3197,r50wey
3198,p8v
3199,vy1cx65
3200,p4wyf7
3201,vv52glw
3202,33a
3203,txjzp1q
3204,8u97
3205,vz75
3206,y7483i
3207,ovbju2
3208,qfdzuoeg
3209,bccb8fx9
3210,r8mhzo5
3211,ba59sld
3212,kdo7egx
3213,ogus3iw
3214,865vj
3215,dbx
3216,4iyjjkr
3217,t30cps98
3218,8z1st
3219,zf4g5
3220,j3gcu4m
3221,fb44bzix
3222,iwpxj
3223,7kcgm
3224,mtxwyw
3225,wi00
3226,r7ya0
3227,3cqkdocx
3228,ood2w5
3229,8u6y
3230,zzrcxx8g
3231,wbi70r
3232,a9wnyd
3233,1y8z
3234,q2rsds2p
3235,se0
3236,puy
3237,nu5t
3238,bjso5
3239,9rxqo
3240,8nan3
3241,qm7sl
3242,4ku
3243,ihkq8
3244,wnwd
3245,lz5cp
3246,6pe
3247,ji4fshv
3248,5krbkwd1
3249,iulug
3250,hxcxh
3251,qgnt53
3252,zm8oqr
3253,j62
3254,hbi0m2tb
3255,01qj
3256,bs7b4y
3257,87n
3258,maje5g61
3259,9y6m
3260,yq6
3261,r5j90
3262,9qo25z
3263,3ulsj
3264,zosbwz
3265,bz0e
3266,07esptb1
3267,nrv106
3268,7bbqvtio
3269,xbsge
3270,371
3271,3n3dvrt
3272,n08
3273,8mfdr
3274,x5uq0
3275,lv37iil
3276,qnir55c
3277,ty0i4wlk
3278,7x0vqp
3279,1i2t1i
3280,ptgbc
3281,qujnk
3282,cwxgvnq
3283,8sd1r
3284,1305z5
3285,yd7q
3286,q0e2urq1
3287,fbt60sh
3288,kxd2
3289,9hs8ijyl
3290,stcx3mpn
3291,5n2b
3292,ewjvh
3293,12sm
3294,mocz
3295,iez6uc
3296,e5r7x5q7
3297,8jju
3298,kiuev1g
3299,by77r
3300,l1us
3301,1gdoa
3302,qpw3ke85
3303,putm8u
3304,1r7vr
3305,szkai0
3306,8uzndhf
3307,vnvbq
3308,kiyzz2th
3309,0wmwi
3310,lhiu4t
3311,yzze4b
3312,b8ub
3313,jcm8xh2a
3314,zgt58wk
3315,pebz
3316,hsh4p8
3317,uswog0ws
3318,bcr
3319,y3sbqjcd
3320,l0dgw
3321,ho5
3322,qvf6hdbe
3323,iqpok3
3324,6sc2vlc5
3325,f27f
3326,rl4
3327,pmy
3328,u5as
3329,pu21rx
3330,csuvy
3331,2u3
3332,ihobji3
3333,3ss0htn
3334,vt0
3335,v8bk
3336,zc5
3337,edlls6
3338,glxpjwox
3339,3c6
3340,7fo
3341,5r581
3342,5g6i80
3343,a89d
3344,yczd
3345,gwoofu
3346,wqenc2
3347,8yzlhm
3348,isoax7s
3349,f9m23h
3350,z9cs
3351,jrnzpx3
3352,c1jq
3353,bi16xs6
3354,gdu
3355,0pxc853
3356,okze
3357,g4qrfyp
3358,hgs2
3359,dux
3360,1tyvc72
3361,fpa
3362,17thmr
3363,gnvjlh6z
3364,g6xm3
3365,nigb
3366,9v80bu2
3367,k36tbi
3368,5hai1gtx
3369,ga4yoznq
3370,psyl
3371,f6ol5lp
3372,zyxgrg
3373,80vte
3374,uujf
3375,r640
3376,504m7
3377,4knbcyd
3378,1l6im
3379,fe4
3380,iy3
3381,cgmp
3382,91w75
3383,uei4z1
3384,thkcbo1
3385,t7utb
3386,blu
3387,2hlg7w3
3388,jjw6yw
3389,q2iovpb
3390,w8e27t5
3391,el7rj2kp
3392,2p4k4qba
3393,0bwc6s
3394,osp
3395,g8f04mz
3396,v4brn480
3397,odvawzz8
3398,n3m56p
3399,0nqq
3400,32u1u
3401,qdow
3402,mbmbe
3403,3ea
3404,w0p2w
3405,1vu2qg0
3406,hzleavj
3407,tkv5gfxh
3408,jk1mnuqh
3409,1jnj
3410,piqz0
3411,h8y
3412,lk2vp0
3413,p06
3414,ntrs
3415,kggttech
3416,s8ti0
3417,8af
3418,vdcen
3419,pwc5
3420,5snqey8
3421,bhis
3422,lm2
3423,40wve6
3424,inyqyuv3
3425,r7s5md2
3426,nfmp4rde
3427,9ofm
3428,bjm8g0u1
3429,q88
3430,vj520
3431,q72fb4q
3432,kqkwzb
3433,c2p0kvcz
3434,8wh0v0
3435,enmpuc0
3436,ctcxivz
3437,kgy
3438,6px
3439,ij40w88
3440,8g47n0
3441,vuwiu
3442,tm42cf
3443,022pvl9
3444,5vyxi
3445,2xkj6c
3446,0x0
3447,slqeyyp
3448,j6koxuc
3449,3kwkk
3450,7quh6d
3451,k24hl1
3452,gdgc6pce
3453,r51zjr0
3454,c2y1i
3455,ilm9fi
3456,ve2zl007
3457,x84
3458,fyn
3459,d4f3
3460,d43
3461,0tj3s
3462,49b
3463,ujod
3464,awuvo8
3465,nt7q
3466,gt1f0
3467,sh4pv9
3468,s0895vn
3469,kk53i
3470,1q89zn
3471,ioo
3472,kv5o90n
3473,sootlitm
3474,9gr53jx
3475,n8j
3476,cmy3hlg
3477,m6uc
3478,hxrldq7
3479,mywqp
3480,97c
3481,p76
3482,3j4k8wmm
3483,o0fr
3484,o715sie
3485,xxkf
3486,dxi
3487,wre
3488,qdhih
3489,erhun
3490,n5sc34
3491,uzsy37p
3492,p8y
3493,go18e2d
3494,43xwyj
3495,2mpker1k
3496,3828
3497,a1n6
3498,o5zh1
3499,ndzbhhlp
3500,gm13pmy
3501,5vq1gw1
3502,tgzqal
3503,74o77c
3504,4tztwwvl
3505,7mr5ndg
3506,jhdb2s
3507,jdrbb6w
3508,8wzbm0
3509,k3bmlqa7
3510,lb17
3511,prr
3512,xtrcexzn
3513,3oyd
3514,q44
3515,mqgioqe7
3516,jx6j6
3517,tcqbb
3518,s50k
3519,i6v
3520,nlld
3521,gh1zyw9
3522,ite25
3523,5t3f
3524,hppg
3525,g2mdib8r
3526,am7y
3527,tqi1
3528,knl
3529,ks5v2m64
3530,scg8
3531,0dc
3532,txroh8j
3533,4ugcnof
3534,a0w2jg7
3535,rk1f0h1y
3536,imk2
3537,76eyqc9b
3538,075pr
3539,m7gv
3540,u6goxzl
3541,c8kq2p2
3542,14sck7s
3543,ywvk
3544,e38e
3545,5qf2l6
3546,a8yjisl
3547,ybyg83
3548,0cs3x
3549,uzm5isd
3550,xbz3vu
3551,daro
3552,gxbjejj
3553,jwv
3554,ltg6t3z
3555,719qbc8f
3556,kzy
3557,bni
3558,ctq9
3559,0kjh8
3560,2ns
3561,hbg2
3562,tf57
3563,bk9nq
3564,q6gv
3565,yo2g2b
3566,727
3567,xyh3w
3568,r1xlh
3569,5uzec8
3570,r6qo52
3571,43j08
3572,zuyu
3573,edml2
3574,0kj64dh
3575,w2uaamr
3576,txgodyk
3577,huwsqw5y
3578,5f1vas4a
3579,8iug
3580,kykwkvkh
3581,qp0st7v4
3582,gaq
3583,rct
3584,rsfv
3585,5j1fh5o
3586,zhy7s
3587,chh2
3588,jejuebd
3589,cwy46
3590,tb611j
3591,rbd2
3592,ilo
3593,wpg
3594,srhre
3595,gmn5tmn
3596,fkt0
3597,w67lkh6e
3598,ibqpb57n
3599,2o1u
3600,cib3y
3601,z6u
3602,jcg8t5
3603,wqkvf
3604,g4irzmme
3605,lysd
3606,nag
3607,repl
3608,gqi6pikk
3609,qmi
3610,x3dm
3611,czb
3612,sgdaoips
3613,1b5x
3614,l8d
3615,petr6v7
3616,4d3bq
3617,llzy
3618,g3xch1
3619,ufi8344t
3620,cgn5yfc6
3621,5l2mtrpg
3622,n36xw0s
3623,wrtkad
3624,tx2
3625,0qnxj2s
3626,z44
3627,3omgd
3628,3uz5y
3629,dlkuv
3630,8uxfdtar
3631,xm5jxap6
3632,b3i
3633,xnd6
3634,3yy
3635,zls
3636,sb73e3
3637,z76y59by
3638,oipxj
3639,c1w
3640,crv7g
3641,yupfo
3642,qkp
3643,iehbd1
3644,kdfy
3645,4u3
3646,ze71
3647,zye
3648,9ghgr
3649,t4iulc
3650,q8zx64
3651,q7ws
3652,6hd44
3653,476a
3654,fht5mz
3655,7l1bgym
3656,pwu
3657,djdkg4
3658,w2e014
3659,x0f
3660,tw61
3661,wr10hw5y
3662,8a46
3663,onvab1
3664,7pwgu5g
3665,eqpr4q
3666,mm5b
3667,1dmd3g
3668,m3fqltg
3669,im3
3670,xh84vkz
3671,lvy
3672,it05a4t
3673,svpkq022
3674,rnr3byeo
3675,piu0i1e
3676,2ox7eu
3677,l2bm
3678,lr12mo
3679,y706
3680,l6k4
3681,iwbgexsh
3682,yyme7tx
3683,lnu4d6
3684,clyjl
3685,vsna1te
3686,okp3b1
3687,q4hm8z
3688,iqpz6
3689,fqhuzs
3690,ray
3691,z2q332
3692,7c2
3693,c5fhc
3694,4plmkm
3695,ujw
3696,v40je
3697,aykv
3698,mcf5mze
3699,lpum
3700,cdbfbv
3701,63slh3c1
3702,1fg8q5o
3703,yu5b4xyh
3704,2n0la7tl
3705,bnprdi
3706,kqk8ss3k
3707,wt9k5wti
3708,l9ma6r2
3709,juji
3710,i8ysm
3711,mtbz6r74
3712,3uv508pt
3713,dsev
3714,kh8
3715,q1xn5qz
3716,fuj4
3717,pn7
3718,jedm0j
3719,huy2a
3720,oiim42x6
3721,t6wm
3722,5qsxh
3723,ivxy4dio
3724,1vss35
3725,x1e4
3726,gd8jv
3727,y9mpj9y
3728,g7oyv4
3729,n0h7jq
3730,dtu0tned
3731,4cnwc60
3732,ybh8a
3733,l3o
3734,f2v2sbfk
3735,fp74x
3736,i8tde
3737,usnk6
3738,uh803ru
3739,iyia46
3740,d7omw
3741,uqxz
3742,rhmiw1
3743,ddvk3gy7
3744,au1pcc
3745,61qzv
3746,ldby
3747,yjn7pyi
3748,yfcujmeg
3749,jceluu2v
3750,4zw88s
3751,106taz
3752,kqe
3753,bobe
3754,uthp
3755,0s77
3756,5iz3
3757,85fjng
3758,fvccvnsv
3759,qls0neg
3760,thbpjv
3761,tma11
3762,y77dp3ii
3763,94df0
3764,1yy
3765,eg5hi
3766,piaw0ilp
3767,crhury
3768,lclbd
3769,l3l29ifz
3770,lko54iwv
3771,gwpjs
3772,kf4nto8
3773,el0
3774,8s9by2
3775,0bvmz92
3776,jtrc59ub
3777,jbedrg6
3778,yyk
3779,ss7t3bh
3780,qxfpnw
3781,2t1a3cr
3782,ba5028
3783,gabz45qm
3784,guu1
3785,utn81
3786,wm1xq
3787,0f6b1j
3788,0iauqc
3789,5ie
3790,4zl0q
3791,h50ubbux
3792,gpoa
3793,ydzof
3794,sy1
3795,ei0mp
3796,5msdu
3797,g8e
3798,m81
3799,m4twoj
3800,7kgt
3801,54i
3802,627t
3803,y1gwemxx
3804,20000
3805,45b8a
3806,4sz1
3807,hxo
3808,0btx
3809,djnv
3810,7nh
3811,b8q
3812,9mo
3813,k92icx
3814,rk5
3815,nt7h
3816,g9r
3817,we4rzw1
3818,zodol
3819,cc3
3820,zosobehp
3821,y3f7i0
3822,uhrlw
3823,c4h2m6v
3824,ci6l1
3825,gbg6p
3826,yokpc
3827,isn8jh
3828,j28n
3829,6yt
3830,nyiywrk
3831,b1rmj3
3832,x657
3833,s6m1gk
3834,tmdo6i
3835,7pho5rh
3836,i2a9
3837,kjq6219a
3838,tlixf8gs
3839,sgs
3840,1mt6e
3841,l5m
3842,0gyt3
3843,yslh95l
3844,5a0dnhzn
3845,wgf3
3846,q77z
3847,r2ve
3848,b33hg
3849,yti
3850,qp7
3851,xwl3h6
3852,6j6
3853,93qmj
3854,xn0mbj
3855,jkp3tam
3856,ek0sv95i
3857,yvojkl
3858,3srwr
3859,r4ao
3860,ok3pein
3861,s2fpndv
3862,d95oa81
3863,cx7soui7
3864,v077s2
3865,xwg6jdt
3866,dpnv
3867,04vww2j0
3868,muf3qg
3869,qq34pd76
3870,eyy5rnyy
3871,s33xi8dv
3872,ufn
3873,pz67iv
3874,iwe
3875,b1hhf
3876,xevkki
3877,n3u
3878,z57z
3879,zp9ouw
3880,2n4l
3881,pykqb0x7
3882,fsyzmc
3883,r4yk9
3884,fwq
3885,iyg4eh
3886,kiu
3887,8d4vwu
3888,z1g56
3889,5mgr8
3890,70eh7
3891,lf4
3892,58ois84t
3893,nj4qepk
3894,1vxw
3895,904x1
3896,di2vlf
3897,jsx10m
3898,gtq
3899,2sheev
3900,wzx26
3901,yxmvf
3902,rpvbt7v
3903,68s
3904,1yri
3905,toq
3906,xk0
3907,cg1fpu
3908,fiuo
3909,4c6rj
3910,bfu7g1
3911,ri1l4ebt
3912,dzcf
3913,x1e
3914,492knwp
3915,iuv6hb
3916,j2o
3917,jwb7vq
3918,k8023ps1
3919,rtxfx7zz
3920,l407wmjb
3921,4ifbz
3922,ktr3z0hs
3923,mpxtlq
3924,xn0r8
3925,qnh
3926,uvy1
3927,tl2qt4t1
3928,dnsp
3929,1i4mosv5
3930,mn99
3931,1l6z
3932,1158d
3933,66kt
3934,tc5
3935,goto4zd
3936,t6k
3937,3wr
3938,hfe2vgy
3939,z5jv
3940,blbn7m
3941,bu8ag4
3942,562877x
3943,vw6w1eb
3944,xtr761
3945,sjp
3946,rxk
3947,yb7
3948,7vqeo3yv
3949,8vihf
3950,p6l7x1
3951,i15
3952,d7glanl
3953,53mkpakl
3954,bun4e8j
3955,l6kvb
3956,hxm01
3957,7soafn
3958,25ehhk
3959,3x0io
3960,qok
3961,r0v7xfr9
3962,1zyj
3963,0n7syml
3964,ts3l74f
3965,yigkc65
3966,ffv9r1
3967,wemn
3968,802q
3969,67j0
3970,3vv2
3971,in5ekr
3972,1pd8
3973,nukm
3974,qwmoqx
3975,xyg
3976,75s
3977,os11dhgi
3978,vuc
3979,rkazoo1
3980,86rz
3981,omwl6
3982,qqy79v
3983,nxb7p
3984,pvp
3985,k01cs
3986,zm8733l
3987,1u634q7
3988,ke8sl
3989,2ut5928j
3990,wo7riajv
3991,kiyh
3992,1ju8tpq7
3993,6ejw4oib
3994,zjo
3995,ur3hae6
3996,n9tsw
3997,x5fg
3998,yxqs
3999,s1cr
4000,xv4whev
